operation,sample,latency_ns,latency_ms
Ed25519 sign (VC payload),1,38269,0.038269
Ed25519 sign (VC payload),2,36789,0.036789
Ed25519 sign (VC payload),3,36877,0.036877
Ed25519 sign (VC payload),4,36962,0.036962
Ed25519 sign (VC payload),5,36971,0.036971
Ed25519 sign (VC payload),6,36773,0.036773
Ed25519 sign (VC payload),7,36725,0.036725
Ed25519 sign (VC payload),8,36666,0.036666
Ed25519 sign (VC payload),9,36589,0.036589
Ed25519 sign (VC payload),10,36875,0.036875
Ed25519 sign (VC payload),11,36783,0.036783
Ed25519 sign (VC payload),12,36761,0.036761
Ed25519 sign (VC payload),13,36941,0.036941
Ed25519 sign (VC payload),14,36957,0.036957
Ed25519 sign (VC payload),15,36942,0.036942
Ed25519 sign (VC payload),16,36769,0.036769
Ed25519 sign (VC payload),17,36761,0.036761
Ed25519 sign (VC payload),18,36905,0.036905
Ed25519 sign (VC payload),19,36769,0.036769
Ed25519 sign (VC payload),20,36625,0.036625
Ed25519 sign (VC payload),21,36920,0.03692
Ed25519 sign (VC payload),22,37157,0.037157
Ed25519 sign (VC payload),23,36719,0.036719
Ed25519 sign (VC payload),24,36934,0.036934
Ed25519 sign (VC payload),25,36961,0.036961
Ed25519 sign (VC payload),26,36874,0.036874
Ed25519 sign (VC payload),27,36693,0.036693
Ed25519 sign (VC payload),28,42485,0.042485
Ed25519 sign (VC payload),29,36781,0.036781
Ed25519 sign (VC payload),30,36576,0.036576
Ed25519 sign (VC payload),31,36570,0.03657
Ed25519 sign (VC payload),32,36822,0.036822
Ed25519 sign (VC payload),33,36691,0.036691
Ed25519 sign (VC payload),34,36833,0.036833
Ed25519 sign (VC payload),35,36902,0.036902
Ed25519 sign (VC payload),36,36768,0.036768
Ed25519 sign (VC payload),37,36623,0.036623
Ed25519 sign (VC payload),38,36632,0.036632
Ed25519 sign (VC payload),39,36925,0.036925
Ed25519 sign (VC payload),40,36873,0.036873
Ed25519 sign (VC payload),41,36732,0.036732
Ed25519 sign (VC payload),42,36624,0.036624
Ed25519 sign (VC payload),43,37021,0.037021
Ed25519 sign (VC payload),44,36835,0.036835
Ed25519 sign (VC payload),45,36607,0.036607
Ed25519 sign (VC payload),46,36925,0.036925
Ed25519 sign (VC payload),47,36829,0.036829
Ed25519 sign (VC payload),48,36941,0.036941
Ed25519 sign (VC payload),49,36461,0.036461
Ed25519 sign (VC payload),50,37195,0.037195
Ed25519 sign (VC payload),51,36316,0.036316
Ed25519 sign (VC payload),52,36377,0.036377
Ed25519 sign (VC payload),53,36499,0.036499
Ed25519 sign (VC payload),54,36501,0.036501
Ed25519 sign (VC payload),55,36718,0.036718
Ed25519 sign (VC payload),56,36851,0.036851
Ed25519 sign (VC payload),57,36458,0.036458
Ed25519 sign (VC payload),58,36640,0.03664
Ed25519 sign (VC payload),59,36742,0.036742
Ed25519 sign (VC payload),60,36749,0.036749
Ed25519 sign (VC payload),61,36596,0.036596
Ed25519 sign (VC payload),62,36652,0.036652
Ed25519 sign (VC payload),63,36634,0.036634
Ed25519 sign (VC payload),64,36820,0.03682
Ed25519 sign (VC payload),65,36806,0.036806
Ed25519 sign (VC payload),66,36484,0.036484
Ed25519 sign (VC payload),67,36766,0.036766
Ed25519 sign (VC payload),68,36764,0.036764
Ed25519 sign (VC payload),69,36721,0.036721
Ed25519 sign (VC payload),70,36930,0.03693
Ed25519 sign (VC payload),71,36643,0.036643
Ed25519 sign (VC payload),72,36956,0.036956
Ed25519 sign (VC payload),73,36550,0.03655
Ed25519 sign (VC payload),74,36352,0.036352
Ed25519 sign (VC payload),75,36512,0.036512
Ed25519 sign (VC payload),76,36731,0.036731
Ed25519 sign (VC payload),77,36630,0.03663
Ed25519 sign (VC payload),78,36744,0.036744
Ed25519 sign (VC payload),79,36840,0.03684
Ed25519 sign (VC payload),80,36692,0.036692
Ed25519 sign (VC payload),81,36993,0.036993
Ed25519 sign (VC payload),82,36481,0.036481
Ed25519 sign (VC payload),83,37000,0.037
Ed25519 sign (VC payload),84,36453,0.036453
Ed25519 sign (VC payload),85,36914,0.036914
Ed25519 sign (VC payload),86,36838,0.036838
Ed25519 sign (VC payload),87,36964,0.036964
Ed25519 sign (VC payload),88,36538,0.036538
Ed25519 sign (VC payload),89,36544,0.036544
Ed25519 sign (VC payload),90,36615,0.036615
Ed25519 sign (VC payload),91,36472,0.036472
Ed25519 sign (VC payload),92,36900,0.0369
Ed25519 sign (VC payload),93,36371,0.036371
Ed25519 sign (VC payload),94,36444,0.036444
Ed25519 sign (VC payload),95,36600,0.0366
Ed25519 sign (VC payload),96,36805,0.036805
Ed25519 sign (VC payload),97,36851,0.036851
Ed25519 sign (VC payload),98,36643,0.036643
Ed25519 sign (VC payload),99,36733,0.036733
Ed25519 sign (VC payload),100,36757,0.036757
Ed25519 sign (VC payload),101,36528,0.036528
Ed25519 sign (VC payload),102,36951,0.036951
Ed25519 sign (VC payload),103,36946,0.036946
Ed25519 sign (VC payload),104,36854,0.036854
Ed25519 sign (VC payload),105,36783,0.036783
Ed25519 sign (VC payload),106,36901,0.036901
Ed25519 sign (VC payload),107,36416,0.036416
Ed25519 sign (VC payload),108,36750,0.03675
Ed25519 sign (VC payload),109,36653,0.036653
Ed25519 sign (VC payload),110,36582,0.036582
Ed25519 sign (VC payload),111,36581,0.036581
Ed25519 sign (VC payload),112,36883,0.036883
Ed25519 sign (VC payload),113,36669,0.036669
Ed25519 sign (VC payload),114,36603,0.036603
Ed25519 sign (VC payload),115,36886,0.036886
Ed25519 sign (VC payload),116,36981,0.036981
Ed25519 sign (VC payload),117,36472,0.036472
Ed25519 sign (VC payload),118,36978,0.036978
Ed25519 sign (VC payload),119,36927,0.036927
Ed25519 sign (VC payload),120,36988,0.036988
Ed25519 sign (VC payload),121,37056,0.037056
Ed25519 sign (VC payload),122,36262,0.036262
Ed25519 sign (VC payload),123,36611,0.036611
Ed25519 sign (VC payload),124,36827,0.036827
Ed25519 sign (VC payload),125,36497,0.036497
Ed25519 sign (VC payload),126,36991,0.036991
Ed25519 sign (VC payload),127,36321,0.036321
Ed25519 sign (VC payload),128,37134,0.037134
Ed25519 sign (VC payload),129,36819,0.036819
Ed25519 sign (VC payload),130,36800,0.0368
Ed25519 sign (VC payload),131,36949,0.036949
Ed25519 sign (VC payload),132,36492,0.036492
Ed25519 sign (VC payload),133,36245,0.036245
Ed25519 sign (VC payload),134,36761,0.036761
Ed25519 sign (VC payload),135,36719,0.036719
Ed25519 sign (VC payload),136,36364,0.036364
Ed25519 sign (VC payload),137,65776,0.065776
Ed25519 sign (VC payload),138,37382,0.037382
Ed25519 sign (VC payload),139,36694,0.036694
Ed25519 sign (VC payload),140,36789,0.036789
Ed25519 sign (VC payload),141,36908,0.036908
Ed25519 sign (VC payload),142,36766,0.036766
Ed25519 sign (VC payload),143,36721,0.036721
Ed25519 sign (VC payload),144,36989,0.036989
Ed25519 sign (VC payload),145,36758,0.036758
Ed25519 sign (VC payload),146,36613,0.036613
Ed25519 sign (VC payload),147,36754,0.036754
Ed25519 sign (VC payload),148,36796,0.036796
Ed25519 sign (VC payload),149,36747,0.036747
Ed25519 sign (VC payload),150,36832,0.036832
Ed25519 sign (VC payload),151,36504,0.036504
Ed25519 sign (VC payload),152,36593,0.036593
Ed25519 sign (VC payload),153,36773,0.036773
Ed25519 sign (VC payload),154,36762,0.036762
Ed25519 sign (VC payload),155,36829,0.036829
Ed25519 sign (VC payload),156,36724,0.036724
Ed25519 sign (VC payload),157,36467,0.036467
Ed25519 sign (VC payload),158,36743,0.036743
Ed25519 sign (VC payload),159,36509,0.036509
Ed25519 sign (VC payload),160,36449,0.036449
Ed25519 sign (VC payload),161,36855,0.036855
Ed25519 sign (VC payload),162,36706,0.036706
Ed25519 sign (VC payload),163,36738,0.036738
Ed25519 sign (VC payload),164,37044,0.037044
Ed25519 sign (VC payload),165,36759,0.036759
Ed25519 sign (VC payload),166,36745,0.036745
Ed25519 sign (VC payload),167,36661,0.036661
Ed25519 sign (VC payload),168,36896,0.036896
Ed25519 sign (VC payload),169,36426,0.036426
Ed25519 sign (VC payload),170,36817,0.036817
Ed25519 sign (VC payload),171,36938,0.036938
Ed25519 sign (VC payload),172,36546,0.036546
Ed25519 sign (VC payload),173,36581,0.036581
Ed25519 sign (VC payload),174,36470,0.03647
Ed25519 sign (VC payload),175,36853,0.036853
Ed25519 sign (VC payload),176,36831,0.036831
Ed25519 sign (VC payload),177,36771,0.036771
Ed25519 sign (VC payload),178,36706,0.036706
Ed25519 sign (VC payload),179,36716,0.036716
Ed25519 sign (VC payload),180,36695,0.036695
Ed25519 sign (VC payload),181,36784,0.036784
Ed25519 sign (VC payload),182,36803,0.036803
Ed25519 sign (VC payload),183,36817,0.036817
Ed25519 sign (VC payload),184,36823,0.036823
Ed25519 sign (VC payload),185,36888,0.036888
Ed25519 sign (VC payload),186,36640,0.03664
Ed25519 sign (VC payload),187,36637,0.036637
Ed25519 sign (VC payload),188,36850,0.03685
Ed25519 sign (VC payload),189,36647,0.036647
Ed25519 sign (VC payload),190,36827,0.036827
Ed25519 sign (VC payload),191,36857,0.036857
Ed25519 sign (VC payload),192,36630,0.03663
Ed25519 sign (VC payload),193,36825,0.036825
Ed25519 sign (VC payload),194,36877,0.036877
Ed25519 sign (VC payload),195,36709,0.036709
Ed25519 sign (VC payload),196,36651,0.036651
Ed25519 sign (VC payload),197,36712,0.036712
Ed25519 sign (VC payload),198,36618,0.036618
Ed25519 sign (VC payload),199,36688,0.036688
Ed25519 sign (VC payload),200,36706,0.036706
Ed25519 sign (VC payload),201,36762,0.036762
Ed25519 sign (VC payload),202,36835,0.036835
Ed25519 sign (VC payload),203,36869,0.036869
Ed25519 sign (VC payload),204,36714,0.036714
Ed25519 sign (VC payload),205,36826,0.036826
Ed25519 sign (VC payload),206,36629,0.036629
Ed25519 sign (VC payload),207,36832,0.036832
Ed25519 sign (VC payload),208,36669,0.036669
Ed25519 sign (VC payload),209,36927,0.036927
Ed25519 sign (VC payload),210,37015,0.037015
Ed25519 sign (VC payload),211,36669,0.036669
Ed25519 sign (VC payload),212,36544,0.036544
Ed25519 sign (VC payload),213,36617,0.036617
Ed25519 sign (VC payload),214,36607,0.036607
Ed25519 sign (VC payload),215,36809,0.036809
Ed25519 sign (VC payload),216,36963,0.036963
Ed25519 sign (VC payload),217,36742,0.036742
Ed25519 sign (VC payload),218,36835,0.036835
Ed25519 sign (VC payload),219,36840,0.03684
Ed25519 sign (VC payload),220,36598,0.036598
Ed25519 sign (VC payload),221,36702,0.036702
Ed25519 sign (VC payload),222,36593,0.036593
Ed25519 sign (VC payload),223,38598,0.038598
Ed25519 sign (VC payload),224,36826,0.036826
Ed25519 sign (VC payload),225,36941,0.036941
Ed25519 sign (VC payload),226,37005,0.037005
Ed25519 sign (VC payload),227,36492,0.036492
Ed25519 sign (VC payload),228,36581,0.036581
Ed25519 sign (VC payload),229,36722,0.036722
Ed25519 sign (VC payload),230,36724,0.036724
Ed25519 sign (VC payload),231,36736,0.036736
Ed25519 sign (VC payload),232,36521,0.036521
Ed25519 sign (VC payload),233,36589,0.036589
Ed25519 sign (VC payload),234,36783,0.036783
Ed25519 sign (VC payload),235,36778,0.036778
Ed25519 sign (VC payload),236,36982,0.036982
Ed25519 sign (VC payload),237,36792,0.036792
Ed25519 sign (VC payload),238,36596,0.036596
Ed25519 sign (VC payload),239,36743,0.036743
Ed25519 sign (VC payload),240,36989,0.036989
Ed25519 sign (VC payload),241,36742,0.036742
Ed25519 sign (VC payload),242,36471,0.036471
Ed25519 sign (VC payload),243,36546,0.036546
Ed25519 sign (VC payload),244,41828,0.041828
Ed25519 sign (VC payload),245,37181,0.037181
Ed25519 sign (VC payload),246,37095,0.037095
Ed25519 sign (VC payload),247,37025,0.037025
Ed25519 sign (VC payload),248,37049,0.037049
Ed25519 sign (VC payload),249,36883,0.036883
Ed25519 sign (VC payload),250,36868,0.036868
Ed25519 verify (VC payload),1,117146,0.117146
Ed25519 verify (VC payload),2,111350,0.11135
Ed25519 verify (VC payload),3,110869,0.110869
Ed25519 verify (VC payload),4,110758,0.110758
Ed25519 verify (VC payload),5,110989,0.110989
Ed25519 verify (VC payload),6,111252,0.111252
Ed25519 verify (VC payload),7,111120,0.11112
Ed25519 verify (VC payload),8,110691,0.110691
Ed25519 verify (VC payload),9,111077,0.111077
Ed25519 verify (VC payload),10,110877,0.110877
Ed25519 verify (VC payload),11,111050,0.11105
Ed25519 verify (VC payload),12,111197,0.111197
Ed25519 verify (VC payload),13,110702,0.110702
Ed25519 verify (VC payload),14,110478,0.110478
Ed25519 verify (VC payload),15,110771,0.110771
Ed25519 verify (VC payload),16,110356,0.110356
Ed25519 verify (VC payload),17,110339,0.110339
Ed25519 verify (VC payload),18,110546,0.110546
Ed25519 verify (VC payload),19,110559,0.110559
Ed25519 verify (VC payload),20,110159,0.110159
Ed25519 verify (VC payload),21,110194,0.110194
Ed25519 verify (VC payload),22,110408,0.110408
Ed25519 verify (VC payload),23,109926,0.109926
Ed25519 verify (VC payload),24,110645,0.110645
Ed25519 verify (VC payload),25,110658,0.110658
Ed25519 verify (VC payload),26,110643,0.110643
Ed25519 verify (VC payload),27,110807,0.110807
Ed25519 verify (VC payload),28,110756,0.110756
Ed25519 verify (VC payload),29,110706,0.110706
Ed25519 verify (VC payload),30,112643,0.112643
Ed25519 verify (VC payload),31,110902,0.110902
Ed25519 verify (VC payload),32,110238,0.110238
Ed25519 verify (VC payload),33,110491,0.110491
Ed25519 verify (VC payload),34,112606,0.112606
Ed25519 verify (VC payload),35,116863,0.116863
Ed25519 verify (VC payload),36,110429,0.110429
Ed25519 verify (VC payload),37,119906,0.119906
Ed25519 verify (VC payload),38,111109,0.111109
Ed25519 verify (VC payload),39,110987,0.110987
Ed25519 verify (VC payload),40,110809,0.110809
Ed25519 verify (VC payload),41,110812,0.110812
Ed25519 verify (VC payload),42,111159,0.111159
Ed25519 verify (VC payload),43,110770,0.11077
Ed25519 verify (VC payload),44,137531,0.137531
Ed25519 verify (VC payload),45,152824,0.152824
Ed25519 verify (VC payload),46,141188,0.141188
Ed25519 verify (VC payload),47,123535,0.123535
Ed25519 verify (VC payload),48,204928,0.204928
Ed25519 verify (VC payload),49,194775,0.194775
Ed25519 verify (VC payload),50,153230,0.15323
Ed25519 verify (VC payload),51,122637,0.122637
Ed25519 verify (VC payload),52,118677,0.118677
Ed25519 verify (VC payload),53,202524,0.202524
Ed25519 verify (VC payload),54,215496,0.215496
Ed25519 verify (VC payload),55,216200,0.2162
Ed25519 verify (VC payload),56,197387,0.197387
Ed25519 verify (VC payload),57,203071,0.203071
Ed25519 verify (VC payload),58,139620,0.13962
Ed25519 verify (VC payload),59,111135,0.111135
Ed25519 verify (VC payload),60,110328,0.110328
Ed25519 verify (VC payload),61,110128,0.110128
Ed25519 verify (VC payload),62,110669,0.110669
Ed25519 verify (VC payload),63,110348,0.110348
Ed25519 verify (VC payload),64,110184,0.110184
Ed25519 verify (VC payload),65,124543,0.124543
Ed25519 verify (VC payload),66,111306,0.111306
Ed25519 verify (VC payload),67,110358,0.110358
Ed25519 verify (VC payload),68,110508,0.110508
Ed25519 verify (VC payload),69,110833,0.110833
Ed25519 verify (VC payload),70,110975,0.110975
Ed25519 verify (VC payload),71,111110,0.11111
Ed25519 verify (VC payload),72,110525,0.110525
Ed25519 verify (VC payload),73,110526,0.110526
Ed25519 verify (VC payload),74,110794,0.110794
Ed25519 verify (VC payload),75,110686,0.110686
Ed25519 verify (VC payload),76,110633,0.110633
Ed25519 verify (VC payload),77,110813,0.110813
Ed25519 verify (VC payload),78,111384,0.111384
Ed25519 verify (VC payload),79,110855,0.110855
Ed25519 verify (VC payload),80,110903,0.110903
Ed25519 verify (VC payload),81,110850,0.11085
Ed25519 verify (VC payload),82,110494,0.110494
Ed25519 verify (VC payload),83,110278,0.110278
Ed25519 verify (VC payload),84,110676,0.110676
Ed25519 verify (VC payload),85,111332,0.111332
Ed25519 verify (VC payload),86,110996,0.110996
Ed25519 verify (VC payload),87,110457,0.110457
Ed25519 verify (VC payload),88,110399,0.110399
Ed25519 verify (VC payload),89,111290,0.11129
Ed25519 verify (VC payload),90,111376,0.111376
Ed25519 verify (VC payload),91,110635,0.110635
Ed25519 verify (VC payload),92,110699,0.110699
Ed25519 verify (VC payload),93,110889,0.110889
Ed25519 verify (VC payload),94,117917,0.117917
Ed25519 verify (VC payload),95,110263,0.110263
Ed25519 verify (VC payload),96,110507,0.110507
Ed25519 verify (VC payload),97,110399,0.110399
Ed25519 verify (VC payload),98,110805,0.110805
Ed25519 verify (VC payload),99,110019,0.110019
Ed25519 verify (VC payload),100,109902,0.109902
Ed25519 verify (VC payload),101,119097,0.119097
Ed25519 verify (VC payload),102,110920,0.11092
Ed25519 verify (VC payload),103,110320,0.11032
Ed25519 verify (VC payload),104,110108,0.110108
Ed25519 verify (VC payload),105,110082,0.110082
Ed25519 verify (VC payload),106,110538,0.110538
Ed25519 verify (VC payload),107,110803,0.110803
Ed25519 verify (VC payload),108,110332,0.110332
Ed25519 verify (VC payload),109,110382,0.110382
Ed25519 verify (VC payload),110,109911,0.109911
Ed25519 verify (VC payload),111,110511,0.110511
Ed25519 verify (VC payload),112,112670,0.11267
Ed25519 verify (VC payload),113,110982,0.110982
Ed25519 verify (VC payload),114,110703,0.110703
Ed25519 verify (VC payload),115,110731,0.110731
Ed25519 verify (VC payload),116,110913,0.110913
Ed25519 verify (VC payload),117,110718,0.110718
Ed25519 verify (VC payload),118,110887,0.110887
Ed25519 verify (VC payload),119,110755,0.110755
Ed25519 verify (VC payload),120,110745,0.110745
Ed25519 verify (VC payload),121,111074,0.111074
Ed25519 verify (VC payload),122,110766,0.110766
Ed25519 verify (VC payload),123,111155,0.111155
Ed25519 verify (VC payload),124,111336,0.111336
Ed25519 verify (VC payload),125,110896,0.110896
Ed25519 verify (VC payload),126,111209,0.111209
Ed25519 verify (VC payload),127,110798,0.110798
Ed25519 verify (VC payload),128,111101,0.111101
Ed25519 verify (VC payload),129,110508,0.110508
Ed25519 verify (VC payload),130,113402,0.113402
Ed25519 verify (VC payload),131,117132,0.117132
Ed25519 verify (VC payload),132,138574,0.138574
Ed25519 verify (VC payload),133,133479,0.133479
Ed25519 verify (VC payload),134,123909,0.123909
Ed25519 verify (VC payload),135,110409,0.110409
Ed25519 verify (VC payload),136,110013,0.110013
Ed25519 verify (VC payload),137,116435,0.116435
Ed25519 verify (VC payload),138,110273,0.110273
Ed25519 verify (VC payload),139,109919,0.109919
Ed25519 verify (VC payload),140,110412,0.110412
Ed25519 verify (VC payload),141,110329,0.110329
Ed25519 verify (VC payload),142,109920,0.10992
Ed25519 verify (VC payload),143,110551,0.110551
Ed25519 verify (VC payload),144,110454,0.110454
Ed25519 verify (VC payload),145,110266,0.110266
Ed25519 verify (VC payload),146,109710,0.10971
Ed25519 verify (VC payload),147,110157,0.110157
Ed25519 verify (VC payload),148,110303,0.110303
Ed25519 verify (VC payload),149,110158,0.110158
Ed25519 verify (VC payload),150,109792,0.109792
Ed25519 verify (VC payload),151,110031,0.110031
Ed25519 verify (VC payload),152,109691,0.109691
Ed25519 verify (VC payload),153,109975,0.109975
Ed25519 verify (VC payload),154,110020,0.11002
Ed25519 verify (VC payload),155,110129,0.110129
Ed25519 verify (VC payload),156,109991,0.109991
Ed25519 verify (VC payload),157,110213,0.110213
Ed25519 verify (VC payload),158,110098,0.110098
Ed25519 verify (VC payload),159,109547,0.109547
Ed25519 verify (VC payload),160,109525,0.109525
Ed25519 verify (VC payload),161,110237,0.110237
Ed25519 verify (VC payload),162,110177,0.110177
Ed25519 verify (VC payload),163,109888,0.109888
Ed25519 verify (VC payload),164,110169,0.110169
Ed25519 verify (VC payload),165,109852,0.109852
Ed25519 verify (VC payload),166,109778,0.109778
Ed25519 verify (VC payload),167,109767,0.109767
Ed25519 verify (VC payload),168,109991,0.109991
Ed25519 verify (VC payload),169,109990,0.10999
Ed25519 verify (VC payload),170,110059,0.110059
Ed25519 verify (VC payload),171,110350,0.11035
Ed25519 verify (VC payload),172,109689,0.109689
Ed25519 verify (VC payload),173,114651,0.114651
Ed25519 verify (VC payload),174,110850,0.11085
Ed25519 verify (VC payload),175,110017,0.110017
Ed25519 verify (VC payload),176,110132,0.110132
Ed25519 verify (VC payload),177,110073,0.110073
Ed25519 verify (VC payload),178,110170,0.11017
Ed25519 verify (VC payload),179,109759,0.109759
Ed25519 verify (VC payload),180,110035,0.110035
Ed25519 verify (VC payload),181,110126,0.110126
Ed25519 verify (VC payload),182,109715,0.109715
Ed25519 verify (VC payload),183,110143,0.110143
Ed25519 verify (VC payload),184,110217,0.110217
Ed25519 verify (VC payload),185,110198,0.110198
Ed25519 verify (VC payload),186,110294,0.110294
Ed25519 verify (VC payload),187,110689,0.110689
Ed25519 verify (VC payload),188,110111,0.110111
Ed25519 verify (VC payload),189,110215,0.110215
Ed25519 verify (VC payload),190,109961,0.109961
Ed25519 verify (VC payload),191,109755,0.109755
Ed25519 verify (VC payload),192,109978,0.109978
Ed25519 verify (VC payload),193,110279,0.110279
Ed25519 verify (VC payload),194,109718,0.109718
Ed25519 verify (VC payload),195,109940,0.10994
Ed25519 verify (VC payload),196,110069,0.110069
Ed25519 verify (VC payload),197,109998,0.109998
Ed25519 verify (VC payload),198,110322,0.110322
Ed25519 verify (VC payload),199,110318,0.110318
Ed25519 verify (VC payload),200,110412,0.110412
Ed25519 verify (VC payload),201,110484,0.110484
Ed25519 verify (VC payload),202,111801,0.111801
Ed25519 verify (VC payload),203,110154,0.110154
Ed25519 verify (VC payload),204,109603,0.109603
Ed25519 verify (VC payload),205,109864,0.109864
Ed25519 verify (VC payload),206,109973,0.109973
Ed25519 verify (VC payload),207,110269,0.110269
Ed25519 verify (VC payload),208,109600,0.1096
Ed25519 verify (VC payload),209,124083,0.124083
Ed25519 verify (VC payload),210,110482,0.110482
Ed25519 verify (VC payload),211,109499,0.109499
Ed25519 verify (VC payload),212,109687,0.109687
Ed25519 verify (VC payload),213,109766,0.109766
Ed25519 verify (VC payload),214,110381,0.110381
Ed25519 verify (VC payload),215,109756,0.109756
Ed25519 verify (VC payload),216,110155,0.110155
Ed25519 verify (VC payload),217,110041,0.110041
Ed25519 verify (VC payload),218,110314,0.110314
Ed25519 verify (VC payload),219,109903,0.109903
Ed25519 verify (VC payload),220,109766,0.109766
Ed25519 verify (VC payload),221,109687,0.109687
Ed25519 verify (VC payload),222,109995,0.109995
Ed25519 verify (VC payload),223,109831,0.109831
Ed25519 verify (VC payload),224,110106,0.110106
Ed25519 verify (VC payload),225,109784,0.109784
Ed25519 verify (VC payload),226,109811,0.109811
Ed25519 verify (VC payload),227,109725,0.109725
Ed25519 verify (VC payload),228,110130,0.11013
Ed25519 verify (VC payload),229,109709,0.109709
Ed25519 verify (VC payload),230,110034,0.110034
Ed25519 verify (VC payload),231,110401,0.110401
Ed25519 verify (VC payload),232,110069,0.110069
Ed25519 verify (VC payload),233,109685,0.109685
Ed25519 verify (VC payload),234,109798,0.109798
Ed25519 verify (VC payload),235,110068,0.110068
Ed25519 verify (VC payload),236,109789,0.109789
Ed25519 verify (VC payload),237,109769,0.109769
Ed25519 verify (VC payload),238,110167,0.110167
Ed25519 verify (VC payload),239,109972,0.109972
Ed25519 verify (VC payload),240,109851,0.109851
Ed25519 verify (VC payload),241,109597,0.109597
Ed25519 verify (VC payload),242,110136,0.110136
Ed25519 verify (VC payload),243,110240,0.11024
Ed25519 verify (VC payload),244,109284,0.109284
Ed25519 verify (VC payload),245,114529,0.114529
Ed25519 verify (VC payload),246,110220,0.11022
Ed25519 verify (VC payload),247,109981,0.109981
Ed25519 verify (VC payload),248,109968,0.109968
Ed25519 verify (VC payload),249,110201,0.110201
Ed25519 verify (VC payload),250,110165,0.110165
AES-256-GCM encrypt (1 KiB),1,1928,0.001928
AES-256-GCM encrypt (1 KiB),2,1558,0.001558
AES-256-GCM encrypt (1 KiB),3,1530,0.00153
AES-256-GCM encrypt (1 KiB),4,1496,0.001496
AES-256-GCM encrypt (1 KiB),5,1510,0.00151
AES-256-GCM encrypt (1 KiB),6,1476,0.001476
AES-256-GCM encrypt (1 KiB),7,1479,0.001479
AES-256-GCM encrypt (1 KiB),8,1490,0.00149
AES-256-GCM encrypt (1 KiB),9,1467,0.001467
AES-256-GCM encrypt (1 KiB),10,1483,0.001483
AES-256-GCM encrypt (1 KiB),11,1461,0.001461
AES-256-GCM encrypt (1 KiB),12,1484,0.001484
AES-256-GCM encrypt (1 KiB),13,1485,0.001485
AES-256-GCM encrypt (1 KiB),14,1458,0.001458
AES-256-GCM encrypt (1 KiB),15,1461,0.001461
AES-256-GCM encrypt (1 KiB),16,1477,0.001477
AES-256-GCM encrypt (1 KiB),17,1543,0.001543
AES-256-GCM encrypt (1 KiB),18,1478,0.001478
AES-256-GCM encrypt (1 KiB),19,1463,0.001463
AES-256-GCM encrypt (1 KiB),20,1474,0.001474
AES-256-GCM encrypt (1 KiB),21,1495,0.001495
AES-256-GCM encrypt (1 KiB),22,1468,0.001468
AES-256-GCM encrypt (1 KiB),23,1481,0.001481
AES-256-GCM encrypt (1 KiB),24,1460,0.00146
AES-256-GCM encrypt (1 KiB),25,1462,0.001462
AES-256-GCM encrypt (1 KiB),26,1488,0.001488
AES-256-GCM encrypt (1 KiB),27,1461,0.001461
AES-256-GCM encrypt (1 KiB),28,1461,0.001461
AES-256-GCM encrypt (1 KiB),29,1465,0.001465
AES-256-GCM encrypt (1 KiB),30,1478,0.001478
AES-256-GCM encrypt (1 KiB),31,1462,0.001462
AES-256-GCM encrypt (1 KiB),32,1480,0.00148
AES-256-GCM encrypt (1 KiB),33,1460,0.00146
AES-256-GCM encrypt (1 KiB),34,1472,0.001472
AES-256-GCM encrypt (1 KiB),35,1460,0.00146
AES-256-GCM encrypt (1 KiB),36,1493,0.001493
AES-256-GCM encrypt (1 KiB),37,1463,0.001463
AES-256-GCM encrypt (1 KiB),38,1475,0.001475
AES-256-GCM encrypt (1 KiB),39,1466,0.001466
AES-256-GCM encrypt (1 KiB),40,1466,0.001466
AES-256-GCM encrypt (1 KiB),41,1460,0.00146
AES-256-GCM encrypt (1 KiB),42,1501,0.001501
AES-256-GCM encrypt (1 KiB),43,1471,0.001471
AES-256-GCM encrypt (1 KiB),44,1465,0.001465
AES-256-GCM encrypt (1 KiB),45,1467,0.001467
AES-256-GCM encrypt (1 KiB),46,1479,0.001479
AES-256-GCM encrypt (1 KiB),47,1464,0.001464
AES-256-GCM encrypt (1 KiB),48,1477,0.001477
AES-256-GCM encrypt (1 KiB),49,1482,0.001482
AES-256-GCM encrypt (1 KiB),50,1480,0.00148
AES-256-GCM encrypt (1 KiB),51,1466,0.001466
AES-256-GCM encrypt (1 KiB),52,1464,0.001464
AES-256-GCM encrypt (1 KiB),53,1472,0.001472
AES-256-GCM encrypt (1 KiB),54,1538,0.001538
AES-256-GCM encrypt (1 KiB),55,1484,0.001484
AES-256-GCM encrypt (1 KiB),56,1463,0.001463
AES-256-GCM encrypt (1 KiB),57,1474,0.001474
AES-256-GCM encrypt (1 KiB),58,1464,0.001464
AES-256-GCM encrypt (1 KiB),59,1467,0.001467
AES-256-GCM encrypt (1 KiB),60,1462,0.001462
AES-256-GCM encrypt (1 KiB),61,1473,0.001473
AES-256-GCM encrypt (1 KiB),62,1463,0.001463
AES-256-GCM encrypt (1 KiB),63,1466,0.001466
AES-256-GCM encrypt (1 KiB),64,1481,0.001481
AES-256-GCM encrypt (1 KiB),65,1464,0.001464
AES-256-GCM encrypt (1 KiB),66,1510,0.00151
AES-256-GCM encrypt (1 KiB),67,1481,0.001481
AES-256-GCM encrypt (1 KiB),68,1459,0.001459
AES-256-GCM encrypt (1 KiB),69,1462,0.001462
AES-256-GCM encrypt (1 KiB),70,1461,0.001461
AES-256-GCM encrypt (1 KiB),71,1487,0.001487
AES-256-GCM encrypt (1 KiB),72,2945,0.002945
AES-256-GCM encrypt (1 KiB),73,2472,0.002472
AES-256-GCM encrypt (1 KiB),74,2578,0.002578
AES-256-GCM encrypt (1 KiB),75,2353,0.002353
AES-256-GCM encrypt (1 KiB),76,2533,0.002533
AES-256-GCM encrypt (1 KiB),77,2436,0.002436
AES-256-GCM encrypt (1 KiB),78,2617,0.002617
AES-256-GCM encrypt (1 KiB),79,2475,0.002475
AES-256-GCM encrypt (1 KiB),80,2243,0.002243
AES-256-GCM encrypt (1 KiB),81,2228,0.002228
AES-256-GCM encrypt (1 KiB),82,2437,0.002437
AES-256-GCM encrypt (1 KiB),83,2493,0.002493
AES-256-GCM encrypt (1 KiB),84,2704,0.002704
AES-256-GCM encrypt (1 KiB),85,10872,0.010872
AES-256-GCM encrypt (1 KiB),86,3551,0.003551
AES-256-GCM encrypt (1 KiB),87,1509,0.001509
AES-256-GCM encrypt (1 KiB),88,1471,0.001471
AES-256-GCM encrypt (1 KiB),89,1439,0.001439
AES-256-GCM encrypt (1 KiB),90,1540,0.00154
AES-256-GCM encrypt (1 KiB),91,1442,0.001442
AES-256-GCM encrypt (1 KiB),92,1455,0.001455
AES-256-GCM encrypt (1 KiB),93,1446,0.001446
AES-256-GCM encrypt (1 KiB),94,1448,0.001448
AES-256-GCM encrypt (1 KiB),95,1428,0.001428
AES-256-GCM encrypt (1 KiB),96,1443,0.001443
AES-256-GCM encrypt (1 KiB),97,1427,0.001427
AES-256-GCM encrypt (1 KiB),98,1428,0.001428
AES-256-GCM encrypt (1 KiB),99,1432,0.001432
AES-256-GCM encrypt (1 KiB),100,1447,0.001447
AES-256-GCM encrypt (1 KiB),101,1436,0.001436
AES-256-GCM encrypt (1 KiB),102,1448,0.001448
AES-256-GCM encrypt (1 KiB),103,1427,0.001427
AES-256-GCM encrypt (1 KiB),104,1439,0.001439
AES-256-GCM encrypt (1 KiB),105,1428,0.001428
AES-256-GCM encrypt (1 KiB),106,1442,0.001442
AES-256-GCM encrypt (1 KiB),107,1443,0.001443
AES-256-GCM encrypt (1 KiB),108,1430,0.00143
AES-256-GCM encrypt (1 KiB),109,1448,0.001448
AES-256-GCM encrypt (1 KiB),110,1466,0.001466
AES-256-GCM encrypt (1 KiB),111,1457,0.001457
AES-256-GCM encrypt (1 KiB),112,1448,0.001448
AES-256-GCM encrypt (1 KiB),113,1428,0.001428
AES-256-GCM encrypt (1 KiB),114,1430,0.00143
AES-256-GCM encrypt (1 KiB),115,1446,0.001446
AES-256-GCM encrypt (1 KiB),116,2689,0.002689
AES-256-GCM encrypt (1 KiB),117,2506,0.002506
AES-256-GCM encrypt (1 KiB),118,2479,0.002479
AES-256-GCM encrypt (1 KiB),119,2544,0.002544
AES-256-GCM encrypt (1 KiB),120,2607,0.002607
AES-256-GCM encrypt (1 KiB),121,2488,0.002488
AES-256-GCM encrypt (1 KiB),122,2621,0.002621
AES-256-GCM encrypt (1 KiB),123,2357,0.002357
AES-256-GCM encrypt (1 KiB),124,5460,0.00546
AES-256-GCM encrypt (1 KiB),125,1599,0.001599
AES-256-GCM encrypt (1 KiB),126,1488,0.001488
AES-256-GCM encrypt (1 KiB),127,1439,0.001439
AES-256-GCM encrypt (1 KiB),128,1445,0.001445
AES-256-GCM encrypt (1 KiB),129,1429,0.001429
AES-256-GCM encrypt (1 KiB),130,1749,0.001749
AES-256-GCM encrypt (1 KiB),131,1482,0.001482
AES-256-GCM encrypt (1 KiB),132,1453,0.001453
AES-256-GCM encrypt (1 KiB),133,1436,0.001436
AES-256-GCM encrypt (1 KiB),134,1441,0.001441
AES-256-GCM encrypt (1 KiB),135,1444,0.001444
AES-256-GCM encrypt (1 KiB),136,1454,0.001454
AES-256-GCM encrypt (1 KiB),137,4250,0.00425
AES-256-GCM encrypt (1 KiB),138,2458,0.002458
AES-256-GCM encrypt (1 KiB),139,2200,0.0022
AES-256-GCM encrypt (1 KiB),140,2343,0.002343
AES-256-GCM encrypt (1 KiB),141,2233,0.002233
AES-256-GCM encrypt (1 KiB),142,2226,0.002226
AES-256-GCM encrypt (1 KiB),143,2220,0.00222
AES-256-GCM encrypt (1 KiB),144,2292,0.002292
AES-256-GCM encrypt (1 KiB),145,2348,0.002348
AES-256-GCM encrypt (1 KiB),146,2211,0.002211
AES-256-GCM encrypt (1 KiB),147,2204,0.002204
AES-256-GCM encrypt (1 KiB),148,2241,0.002241
AES-256-GCM encrypt (1 KiB),149,2354,0.002354
AES-256-GCM encrypt (1 KiB),150,2279,0.002279
AES-256-GCM decrypt (1 KiB),1,1308,0.001308
AES-256-GCM decrypt (1 KiB),2,1114,0.001114
AES-256-GCM decrypt (1 KiB),3,1109,0.001109
AES-256-GCM decrypt (1 KiB),4,1058,0.001058
AES-256-GCM decrypt (1 KiB),5,1046,0.001046
AES-256-GCM decrypt (1 KiB),6,1039,0.001039
AES-256-GCM decrypt (1 KiB),7,1021,0.001021
AES-256-GCM decrypt (1 KiB),8,1008,0.001008
AES-256-GCM decrypt (1 KiB),9,1018,0.001018
AES-256-GCM decrypt (1 KiB),10,1021,0.001021
AES-256-GCM decrypt (1 KiB),11,1022,0.001022
AES-256-GCM decrypt (1 KiB),12,1011,0.001011
AES-256-GCM decrypt (1 KiB),13,1028,0.001028
AES-256-GCM decrypt (1 KiB),14,1017,0.001017
AES-256-GCM decrypt (1 KiB),15,1011,0.001011
AES-256-GCM decrypt (1 KiB),16,1007,0.001007
AES-256-GCM decrypt (1 KiB),17,1019,0.001019
AES-256-GCM decrypt (1 KiB),18,1044,0.001044
AES-256-GCM decrypt (1 KiB),19,1034,0.001034
AES-256-GCM decrypt (1 KiB),20,1014,0.001014
AES-256-GCM decrypt (1 KiB),21,1031,0.001031
AES-256-GCM decrypt (1 KiB),22,1028,0.001028
AES-256-GCM decrypt (1 KiB),23,1015,0.001015
AES-256-GCM decrypt (1 KiB),24,1013,0.001013
AES-256-GCM decrypt (1 KiB),25,1016,0.001016
AES-256-GCM decrypt (1 KiB),26,1012,0.001012
AES-256-GCM decrypt (1 KiB),27,1044,0.001044
AES-256-GCM decrypt (1 KiB),28,1029,0.001029
AES-256-GCM decrypt (1 KiB),29,1031,0.001031
AES-256-GCM decrypt (1 KiB),30,1010,0.00101
AES-256-GCM decrypt (1 KiB),31,1035,0.001035
AES-256-GCM decrypt (1 KiB),32,1006,0.001006
AES-256-GCM decrypt (1 KiB),33,1017,0.001017
AES-256-GCM decrypt (1 KiB),34,1032,0.001032
AES-256-GCM decrypt (1 KiB),35,1012,0.001012
AES-256-GCM decrypt (1 KiB),36,1010,0.00101
AES-256-GCM decrypt (1 KiB),37,1019,0.001019
AES-256-GCM decrypt (1 KiB),38,1011,0.001011
AES-256-GCM decrypt (1 KiB),39,1028,0.001028
AES-256-GCM decrypt (1 KiB),40,1010,0.00101
AES-256-GCM decrypt (1 KiB),41,1017,0.001017
AES-256-GCM decrypt (1 KiB),42,1039,0.001039
AES-256-GCM decrypt (1 KiB),43,1011,0.001011
AES-256-GCM decrypt (1 KiB),44,1010,0.00101
AES-256-GCM decrypt (1 KiB),45,1016,0.001016
AES-256-GCM decrypt (1 KiB),46,1006,0.001006
AES-256-GCM decrypt (1 KiB),47,1113,0.001113
AES-256-GCM decrypt (1 KiB),48,1005,0.001005
AES-256-GCM decrypt (1 KiB),49,1015,0.001015
AES-256-GCM decrypt (1 KiB),50,1007,0.001007
AES-256-GCM decrypt (1 KiB),51,1016,0.001016
AES-256-GCM decrypt (1 KiB),52,1028,0.001028
AES-256-GCM decrypt (1 KiB),53,1026,0.001026
AES-256-GCM decrypt (1 KiB),54,1063,0.001063
AES-256-GCM decrypt (1 KiB),55,1017,0.001017
AES-256-GCM decrypt (1 KiB),56,1004,0.001004
AES-256-GCM decrypt (1 KiB),57,1032,0.001032
AES-256-GCM decrypt (1 KiB),58,1041,0.001041
AES-256-GCM decrypt (1 KiB),59,1017,0.001017
AES-256-GCM decrypt (1 KiB),60,1003,0.001003
AES-256-GCM decrypt (1 KiB),61,1020,0.00102
AES-256-GCM decrypt (1 KiB),62,1005,0.001005
AES-256-GCM decrypt (1 KiB),63,1032,0.001032
AES-256-GCM decrypt (1 KiB),64,1015,0.001015
AES-256-GCM decrypt (1 KiB),65,1014,0.001014
AES-256-GCM decrypt (1 KiB),66,1018,0.001018
AES-256-GCM decrypt (1 KiB),67,1031,0.001031
AES-256-GCM decrypt (1 KiB),68,1009,0.001009
AES-256-GCM decrypt (1 KiB),69,1016,0.001016
AES-256-GCM decrypt (1 KiB),70,1041,0.001041
AES-256-GCM decrypt (1 KiB),71,1024,0.001024
AES-256-GCM decrypt (1 KiB),72,1019,0.001019
AES-256-GCM decrypt (1 KiB),73,1015,0.001015
AES-256-GCM decrypt (1 KiB),74,1007,0.001007
AES-256-GCM decrypt (1 KiB),75,1019,0.001019
AES-256-GCM decrypt (1 KiB),76,1010,0.00101
AES-256-GCM decrypt (1 KiB),77,1032,0.001032
AES-256-GCM decrypt (1 KiB),78,1100,0.0011
AES-256-GCM decrypt (1 KiB),79,1029,0.001029
AES-256-GCM decrypt (1 KiB),80,1026,0.001026
AES-256-GCM decrypt (1 KiB),81,1004,0.001004
AES-256-GCM decrypt (1 KiB),82,1001,0.001001
AES-256-GCM decrypt (1 KiB),83,1036,0.001036
AES-256-GCM decrypt (1 KiB),84,1016,0.001016
AES-256-GCM decrypt (1 KiB),85,1033,0.001033
AES-256-GCM decrypt (1 KiB),86,1025,0.001025
AES-256-GCM decrypt (1 KiB),87,1018,0.001018
AES-256-GCM decrypt (1 KiB),88,1011,0.001011
AES-256-GCM decrypt (1 KiB),89,990,0.00099
AES-256-GCM decrypt (1 KiB),90,1001,0.001001
AES-256-GCM decrypt (1 KiB),91,991,0.000991
AES-256-GCM decrypt (1 KiB),92,991,0.000991
AES-256-GCM decrypt (1 KiB),93,1002,0.001002
AES-256-GCM decrypt (1 KiB),94,1096,0.001096
AES-256-GCM decrypt (1 KiB),95,996,0.000996
AES-256-GCM decrypt (1 KiB),96,993,0.000993
AES-256-GCM decrypt (1 KiB),97,988,0.000988
AES-256-GCM decrypt (1 KiB),98,1019,0.001019
AES-256-GCM decrypt (1 KiB),99,996,0.000996
AES-256-GCM decrypt (1 KiB),100,999,0.000999
AES-256-GCM decrypt (1 KiB),101,990,0.00099
AES-256-GCM decrypt (1 KiB),102,1019,0.001019
AES-256-GCM decrypt (1 KiB),103,996,0.000996
AES-256-GCM decrypt (1 KiB),104,995,0.000995
AES-256-GCM decrypt (1 KiB),105,992,0.000992
AES-256-GCM decrypt (1 KiB),106,989,0.000989
AES-256-GCM decrypt (1 KiB),107,987,0.000987
AES-256-GCM decrypt (1 KiB),108,1012,0.001012
AES-256-GCM decrypt (1 KiB),109,999,0.000999
AES-256-GCM decrypt (1 KiB),110,1210,0.00121
AES-256-GCM decrypt (1 KiB),111,1032,0.001032
AES-256-GCM decrypt (1 KiB),112,1022,0.001022
AES-256-GCM decrypt (1 KiB),113,994,0.000994
AES-256-GCM decrypt (1 KiB),114,1016,0.001016
AES-256-GCM decrypt (1 KiB),115,991,0.000991
AES-256-GCM decrypt (1 KiB),116,991,0.000991
AES-256-GCM decrypt (1 KiB),117,995,0.000995
AES-256-GCM decrypt (1 KiB),118,1003,0.001003
AES-256-GCM decrypt (1 KiB),119,1015,0.001015
AES-256-GCM decrypt (1 KiB),120,1000,0.001
AES-256-GCM decrypt (1 KiB),121,998,0.000998
AES-256-GCM decrypt (1 KiB),122,999,0.000999
AES-256-GCM decrypt (1 KiB),123,1017,0.001017
AES-256-GCM decrypt (1 KiB),124,995,0.000995
AES-256-GCM decrypt (1 KiB),125,994,0.000994
AES-256-GCM decrypt (1 KiB),126,1038,0.001038
AES-256-GCM decrypt (1 KiB),127,992,0.000992
AES-256-GCM decrypt (1 KiB),128,1002,0.001002
AES-256-GCM decrypt (1 KiB),129,997,0.000997
AES-256-GCM decrypt (1 KiB),130,1008,0.001008
AES-256-GCM decrypt (1 KiB),131,1005,0.001005
AES-256-GCM decrypt (1 KiB),132,996,0.000996
AES-256-GCM decrypt (1 KiB),133,993,0.000993
AES-256-GCM decrypt (1 KiB),134,998,0.000998
AES-256-GCM decrypt (1 KiB),135,995,0.000995
AES-256-GCM decrypt (1 KiB),136,1019,0.001019
AES-256-GCM decrypt (1 KiB),137,998,0.000998
AES-256-GCM decrypt (1 KiB),138,995,0.000995
AES-256-GCM decrypt (1 KiB),139,994,0.000994
AES-256-GCM decrypt (1 KiB),140,1030,0.00103
AES-256-GCM decrypt (1 KiB),141,1012,0.001012
AES-256-GCM decrypt (1 KiB),142,995,0.000995
AES-256-GCM decrypt (1 KiB),143,1022,0.001022
AES-256-GCM decrypt (1 KiB),144,998,0.000998
AES-256-GCM decrypt (1 KiB),145,1012,0.001012
AES-256-GCM decrypt (1 KiB),146,1021,0.001021
AES-256-GCM decrypt (1 KiB),147,1013,0.001013
AES-256-GCM decrypt (1 KiB),148,996,0.000996
AES-256-GCM decrypt (1 KiB),149,1019,0.001019
AES-256-GCM decrypt (1 KiB),150,1057,0.001057
AES-256-GCM encrypt (10 KiB),1,2565,0.002565
AES-256-GCM encrypt (10 KiB),2,2337,0.002337
AES-256-GCM encrypt (10 KiB),3,2331,0.002331
AES-256-GCM encrypt (10 KiB),4,2347,0.002347
AES-256-GCM encrypt (10 KiB),5,2305,0.002305
AES-256-GCM encrypt (10 KiB),6,2309,0.002309
AES-256-GCM encrypt (10 KiB),7,2334,0.002334
AES-256-GCM encrypt (10 KiB),8,2308,0.002308
AES-256-GCM encrypt (10 KiB),9,2285,0.002285
AES-256-GCM encrypt (10 KiB),10,2319,0.002319
AES-256-GCM encrypt (10 KiB),11,2278,0.002278
AES-256-GCM encrypt (10 KiB),12,2277,0.002277
AES-256-GCM encrypt (10 KiB),13,2283,0.002283
AES-256-GCM encrypt (10 KiB),14,2278,0.002278
AES-256-GCM encrypt (10 KiB),15,2289,0.002289
AES-256-GCM encrypt (10 KiB),16,2266,0.002266
AES-256-GCM encrypt (10 KiB),17,2283,0.002283
AES-256-GCM encrypt (10 KiB),18,2294,0.002294
AES-256-GCM encrypt (10 KiB),19,2306,0.002306
AES-256-GCM encrypt (10 KiB),20,2283,0.002283
AES-256-GCM encrypt (10 KiB),21,2280,0.00228
AES-256-GCM encrypt (10 KiB),22,2319,0.002319
AES-256-GCM encrypt (10 KiB),23,2315,0.002315
AES-256-GCM encrypt (10 KiB),24,2296,0.002296
AES-256-GCM encrypt (10 KiB),25,2288,0.002288
AES-256-GCM encrypt (10 KiB),26,2285,0.002285
AES-256-GCM encrypt (10 KiB),27,2289,0.002289
AES-256-GCM encrypt (10 KiB),28,2300,0.0023
AES-256-GCM encrypt (10 KiB),29,2329,0.002329
AES-256-GCM encrypt (10 KiB),30,2283,0.002283
AES-256-GCM encrypt (10 KiB),31,2281,0.002281
AES-256-GCM encrypt (10 KiB),32,2283,0.002283
AES-256-GCM encrypt (10 KiB),33,2306,0.002306
AES-256-GCM encrypt (10 KiB),34,2329,0.002329
AES-256-GCM encrypt (10 KiB),35,2310,0.00231
AES-256-GCM encrypt (10 KiB),36,2296,0.002296
AES-256-GCM encrypt (10 KiB),37,2297,0.002297
AES-256-GCM encrypt (10 KiB),38,2271,0.002271
AES-256-GCM encrypt (10 KiB),39,2288,0.002288
AES-256-GCM encrypt (10 KiB),40,2291,0.002291
AES-256-GCM encrypt (10 KiB),41,2293,0.002293
AES-256-GCM encrypt (10 KiB),42,2314,0.002314
AES-256-GCM encrypt (10 KiB),43,2286,0.002286
AES-256-GCM encrypt (10 KiB),44,2295,0.002295
AES-256-GCM encrypt (10 KiB),45,2380,0.00238
AES-256-GCM encrypt (10 KiB),46,2312,0.002312
AES-256-GCM encrypt (10 KiB),47,2309,0.002309
AES-256-GCM encrypt (10 KiB),48,2278,0.002278
AES-256-GCM encrypt (10 KiB),49,2281,0.002281
AES-256-GCM encrypt (10 KiB),50,2286,0.002286
AES-256-GCM encrypt (10 KiB),51,2306,0.002306
AES-256-GCM encrypt (10 KiB),52,2286,0.002286
AES-256-GCM encrypt (10 KiB),53,2318,0.002318
AES-256-GCM encrypt (10 KiB),54,2300,0.0023
AES-256-GCM encrypt (10 KiB),55,2252,0.002252
AES-256-GCM encrypt (10 KiB),56,2256,0.002256
AES-256-GCM encrypt (10 KiB),57,2258,0.002258
AES-256-GCM encrypt (10 KiB),58,2261,0.002261
AES-256-GCM encrypt (10 KiB),59,2255,0.002255
AES-256-GCM encrypt (10 KiB),60,2264,0.002264
AES-256-GCM encrypt (10 KiB),61,2270,0.00227
AES-256-GCM encrypt (10 KiB),62,2274,0.002274
AES-256-GCM encrypt (10 KiB),63,2258,0.002258
AES-256-GCM encrypt (10 KiB),64,2250,0.00225
AES-256-GCM encrypt (10 KiB),65,2252,0.002252
AES-256-GCM encrypt (10 KiB),66,2291,0.002291
AES-256-GCM encrypt (10 KiB),67,2251,0.002251
AES-256-GCM encrypt (10 KiB),68,2253,0.002253
AES-256-GCM encrypt (10 KiB),69,2262,0.002262
AES-256-GCM encrypt (10 KiB),70,2276,0.002276
AES-256-GCM encrypt (10 KiB),71,2250,0.00225
AES-256-GCM encrypt (10 KiB),72,2294,0.002294
AES-256-GCM encrypt (10 KiB),73,2269,0.002269
AES-256-GCM encrypt (10 KiB),74,2250,0.00225
AES-256-GCM encrypt (10 KiB),75,2277,0.002277
AES-256-GCM encrypt (10 KiB),76,2256,0.002256
AES-256-GCM encrypt (10 KiB),77,2271,0.002271
AES-256-GCM encrypt (10 KiB),78,2326,0.002326
AES-256-GCM encrypt (10 KiB),79,2311,0.002311
AES-256-GCM encrypt (10 KiB),80,2254,0.002254
AES-256-GCM encrypt (10 KiB),81,2291,0.002291
AES-256-GCM encrypt (10 KiB),82,2265,0.002265
AES-256-GCM encrypt (10 KiB),83,2278,0.002278
AES-256-GCM encrypt (10 KiB),84,2255,0.002255
AES-256-GCM encrypt (10 KiB),85,2301,0.002301
AES-256-GCM encrypt (10 KiB),86,2290,0.00229
AES-256-GCM encrypt (10 KiB),87,2281,0.002281
AES-256-GCM encrypt (10 KiB),88,2273,0.002273
AES-256-GCM encrypt (10 KiB),89,2278,0.002278
AES-256-GCM encrypt (10 KiB),90,2232,0.002232
AES-256-GCM encrypt (10 KiB),91,2255,0.002255
AES-256-GCM encrypt (10 KiB),92,2257,0.002257
AES-256-GCM encrypt (10 KiB),93,2252,0.002252
AES-256-GCM encrypt (10 KiB),94,2304,0.002304
AES-256-GCM encrypt (10 KiB),95,2232,0.002232
AES-256-GCM encrypt (10 KiB),96,2236,0.002236
AES-256-GCM encrypt (10 KiB),97,2262,0.002262
AES-256-GCM encrypt (10 KiB),98,2249,0.002249
AES-256-GCM encrypt (10 KiB),99,2236,0.002236
AES-256-GCM encrypt (10 KiB),100,2263,0.002263
AES-256-GCM encrypt (10 KiB),101,2231,0.002231
AES-256-GCM encrypt (10 KiB),102,2240,0.00224
AES-256-GCM encrypt (10 KiB),103,2239,0.002239
AES-256-GCM encrypt (10 KiB),104,2241,0.002241
AES-256-GCM encrypt (10 KiB),105,2262,0.002262
AES-256-GCM encrypt (10 KiB),106,2233,0.002233
AES-256-GCM encrypt (10 KiB),107,2258,0.002258
AES-256-GCM encrypt (10 KiB),108,2232,0.002232
AES-256-GCM encrypt (10 KiB),109,2257,0.002257
AES-256-GCM encrypt (10 KiB),110,2339,0.002339
AES-256-GCM encrypt (10 KiB),111,2261,0.002261
AES-256-GCM encrypt (10 KiB),112,2241,0.002241
AES-256-GCM encrypt (10 KiB),113,2245,0.002245
AES-256-GCM encrypt (10 KiB),114,2245,0.002245
AES-256-GCM encrypt (10 KiB),115,2278,0.002278
AES-256-GCM encrypt (10 KiB),116,2239,0.002239
AES-256-GCM encrypt (10 KiB),117,2234,0.002234
AES-256-GCM encrypt (10 KiB),118,2236,0.002236
AES-256-GCM encrypt (10 KiB),119,2267,0.002267
AES-256-GCM encrypt (10 KiB),120,2354,0.002354
AES-256-GCM encrypt (10 KiB),121,2256,0.002256
AES-256-GCM encrypt (10 KiB),122,2235,0.002235
AES-256-GCM encrypt (10 KiB),123,2234,0.002234
AES-256-GCM encrypt (10 KiB),124,2238,0.002238
AES-256-GCM encrypt (10 KiB),125,2266,0.002266
AES-256-GCM encrypt (10 KiB),126,2248,0.002248
AES-256-GCM encrypt (10 KiB),127,2246,0.002246
AES-256-GCM encrypt (10 KiB),128,2238,0.002238
AES-256-GCM encrypt (10 KiB),129,2225,0.002225
AES-256-GCM encrypt (10 KiB),130,2276,0.002276
AES-256-GCM encrypt (10 KiB),131,2235,0.002235
AES-256-GCM encrypt (10 KiB),132,2241,0.002241
AES-256-GCM encrypt (10 KiB),133,2268,0.002268
AES-256-GCM encrypt (10 KiB),134,2246,0.002246
AES-256-GCM encrypt (10 KiB),135,2232,0.002232
AES-256-GCM encrypt (10 KiB),136,2254,0.002254
AES-256-GCM encrypt (10 KiB),137,2253,0.002253
AES-256-GCM encrypt (10 KiB),138,2248,0.002248
AES-256-GCM encrypt (10 KiB),139,2231,0.002231
AES-256-GCM encrypt (10 KiB),140,2256,0.002256
AES-256-GCM encrypt (10 KiB),141,2250,0.00225
AES-256-GCM encrypt (10 KiB),142,2255,0.002255
AES-256-GCM encrypt (10 KiB),143,2246,0.002246
AES-256-GCM encrypt (10 KiB),144,2240,0.00224
AES-256-GCM encrypt (10 KiB),145,2236,0.002236
AES-256-GCM encrypt (10 KiB),146,2258,0.002258
AES-256-GCM encrypt (10 KiB),147,2254,0.002254
AES-256-GCM encrypt (10 KiB),148,2266,0.002266
AES-256-GCM encrypt (10 KiB),149,2248,0.002248
AES-256-GCM encrypt (10 KiB),150,2319,0.002319
AES-256-GCM decrypt (10 KiB),1,2122,0.002122
AES-256-GCM decrypt (10 KiB),2,1905,0.001905
AES-256-GCM decrypt (10 KiB),3,1864,0.001864
AES-256-GCM decrypt (10 KiB),4,1825,0.001825
AES-256-GCM decrypt (10 KiB),5,1810,0.00181
AES-256-GCM decrypt (10 KiB),6,1835,0.001835
AES-256-GCM decrypt (10 KiB),7,1852,0.001852
AES-256-GCM decrypt (10 KiB),8,1835,0.001835
AES-256-GCM decrypt (10 KiB),9,1826,0.001826
AES-256-GCM decrypt (10 KiB),10,1821,0.001821
AES-256-GCM decrypt (10 KiB),11,1839,0.001839
AES-256-GCM decrypt (10 KiB),12,1807,0.001807
AES-256-GCM decrypt (10 KiB),13,1785,0.001785
AES-256-GCM decrypt (10 KiB),14,1815,0.001815
AES-256-GCM decrypt (10 KiB),15,1801,0.001801
AES-256-GCM decrypt (10 KiB),16,1815,0.001815
AES-256-GCM decrypt (10 KiB),17,1784,0.001784
AES-256-GCM decrypt (10 KiB),18,1868,0.001868
AES-256-GCM decrypt (10 KiB),19,1835,0.001835
AES-256-GCM decrypt (10 KiB),20,1791,0.001791
AES-256-GCM decrypt (10 KiB),21,1815,0.001815
AES-256-GCM decrypt (10 KiB),22,1783,0.001783
AES-256-GCM decrypt (10 KiB),23,1818,0.001818
AES-256-GCM decrypt (10 KiB),24,1806,0.001806
AES-256-GCM decrypt (10 KiB),25,1818,0.001818
AES-256-GCM decrypt (10 KiB),26,1820,0.00182
AES-256-GCM decrypt (10 KiB),27,1818,0.001818
AES-256-GCM decrypt (10 KiB),28,1808,0.001808
AES-256-GCM decrypt (10 KiB),29,1817,0.001817
AES-256-GCM decrypt (10 KiB),30,1793,0.001793
AES-256-GCM decrypt (10 KiB),31,1816,0.001816
AES-256-GCM decrypt (10 KiB),32,1789,0.001789
AES-256-GCM decrypt (10 KiB),33,1836,0.001836
AES-256-GCM decrypt (10 KiB),34,1822,0.001822
AES-256-GCM decrypt (10 KiB),35,1822,0.001822
AES-256-GCM decrypt (10 KiB),36,1811,0.001811
AES-256-GCM decrypt (10 KiB),37,1819,0.001819
AES-256-GCM decrypt (10 KiB),38,1785,0.001785
AES-256-GCM decrypt (10 KiB),39,1819,0.001819
AES-256-GCM decrypt (10 KiB),40,1803,0.001803
AES-256-GCM decrypt (10 KiB),41,1816,0.001816
AES-256-GCM decrypt (10 KiB),42,1784,0.001784
AES-256-GCM decrypt (10 KiB),43,1814,0.001814
AES-256-GCM decrypt (10 KiB),44,1787,0.001787
AES-256-GCM decrypt (10 KiB),45,1839,0.001839
AES-256-GCM decrypt (10 KiB),46,1797,0.001797
AES-256-GCM decrypt (10 KiB),47,1819,0.001819
AES-256-GCM decrypt (10 KiB),48,1787,0.001787
AES-256-GCM decrypt (10 KiB),49,1835,0.001835
AES-256-GCM decrypt (10 KiB),50,1794,0.001794
AES-256-GCM decrypt (10 KiB),51,1837,0.001837
AES-256-GCM decrypt (10 KiB),52,1784,0.001784
AES-256-GCM decrypt (10 KiB),53,1843,0.001843
AES-256-GCM decrypt (10 KiB),54,1845,0.001845
AES-256-GCM decrypt (10 KiB),55,1834,0.001834
AES-256-GCM decrypt (10 KiB),56,1817,0.001817
AES-256-GCM decrypt (10 KiB),57,1816,0.001816
AES-256-GCM decrypt (10 KiB),58,1789,0.001789
AES-256-GCM decrypt (10 KiB),59,1822,0.001822
AES-256-GCM decrypt (10 KiB),60,1808,0.001808
AES-256-GCM decrypt (10 KiB),61,1814,0.001814
AES-256-GCM decrypt (10 KiB),62,1788,0.001788
AES-256-GCM decrypt (10 KiB),63,1817,0.001817
AES-256-GCM decrypt (10 KiB),64,1858,0.001858
AES-256-GCM decrypt (10 KiB),65,1846,0.001846
AES-256-GCM decrypt (10 KiB),66,1821,0.001821
AES-256-GCM decrypt (10 KiB),67,1817,0.001817
AES-256-GCM decrypt (10 KiB),68,1798,0.001798
AES-256-GCM decrypt (10 KiB),69,1848,0.001848
AES-256-GCM decrypt (10 KiB),70,1784,0.001784
AES-256-GCM decrypt (10 KiB),71,1806,0.001806
AES-256-GCM decrypt (10 KiB),72,1800,0.0018
AES-256-GCM decrypt (10 KiB),73,1812,0.001812
AES-256-GCM decrypt (10 KiB),74,1786,0.001786
AES-256-GCM decrypt (10 KiB),75,1836,0.001836
AES-256-GCM decrypt (10 KiB),76,1785,0.001785
AES-256-GCM decrypt (10 KiB),77,1828,0.001828
AES-256-GCM decrypt (10 KiB),78,1837,0.001837
AES-256-GCM decrypt (10 KiB),79,1825,0.001825
AES-256-GCM decrypt (10 KiB),80,1789,0.001789
AES-256-GCM decrypt (10 KiB),81,1830,0.00183
AES-256-GCM decrypt (10 KiB),82,1790,0.00179
AES-256-GCM decrypt (10 KiB),83,1815,0.001815
AES-256-GCM decrypt (10 KiB),84,1799,0.001799
AES-256-GCM decrypt (10 KiB),85,1886,0.001886
AES-256-GCM decrypt (10 KiB),86,1818,0.001818
AES-256-GCM decrypt (10 KiB),87,1847,0.001847
AES-256-GCM decrypt (10 KiB),88,1770,0.00177
AES-256-GCM decrypt (10 KiB),89,1808,0.001808
AES-256-GCM decrypt (10 KiB),90,1773,0.001773
AES-256-GCM decrypt (10 KiB),91,1785,0.001785
AES-256-GCM decrypt (10 KiB),92,1775,0.001775
AES-256-GCM decrypt (10 KiB),93,1831,0.001831
AES-256-GCM decrypt (10 KiB),94,1795,0.001795
AES-256-GCM decrypt (10 KiB),95,1807,0.001807
AES-256-GCM decrypt (10 KiB),96,1767,0.001767
AES-256-GCM decrypt (10 KiB),97,1788,0.001788
AES-256-GCM decrypt (10 KiB),98,1791,0.001791
AES-256-GCM decrypt (10 KiB),99,1804,0.001804
AES-256-GCM decrypt (10 KiB),100,1769,0.001769
AES-256-GCM decrypt (10 KiB),101,1799,0.001799
AES-256-GCM decrypt (10 KiB),102,1770,0.00177
AES-256-GCM decrypt (10 KiB),103,1793,0.001793
AES-256-GCM decrypt (10 KiB),104,1786,0.001786
AES-256-GCM decrypt (10 KiB),105,1809,0.001809
AES-256-GCM decrypt (10 KiB),106,1770,0.00177
AES-256-GCM decrypt (10 KiB),107,1787,0.001787
AES-256-GCM decrypt (10 KiB),108,1772,0.001772
AES-256-GCM decrypt (10 KiB),109,1786,0.001786
AES-256-GCM decrypt (10 KiB),110,1869,0.001869
AES-256-GCM decrypt (10 KiB),111,1788,0.001788
AES-256-GCM decrypt (10 KiB),112,1789,0.001789
AES-256-GCM decrypt (10 KiB),113,1790,0.00179
AES-256-GCM decrypt (10 KiB),114,1776,0.001776
AES-256-GCM decrypt (10 KiB),115,1789,0.001789
AES-256-GCM decrypt (10 KiB),116,1777,0.001777
AES-256-GCM decrypt (10 KiB),117,1810,0.00181
AES-256-GCM decrypt (10 KiB),118,1769,0.001769
AES-256-GCM decrypt (10 KiB),119,1792,0.001792
AES-256-GCM decrypt (10 KiB),120,1772,0.001772
AES-256-GCM decrypt (10 KiB),121,1804,0.001804
AES-256-GCM decrypt (10 KiB),122,1766,0.001766
AES-256-GCM decrypt (10 KiB),123,1883,0.001883
AES-256-GCM decrypt (10 KiB),124,1785,0.001785
AES-256-GCM decrypt (10 KiB),125,1788,0.001788
AES-256-GCM decrypt (10 KiB),126,1771,0.001771
AES-256-GCM decrypt (10 KiB),127,1798,0.001798
AES-256-GCM decrypt (10 KiB),128,1787,0.001787
AES-256-GCM decrypt (10 KiB),129,1794,0.001794
AES-256-GCM decrypt (10 KiB),130,1790,0.00179
AES-256-GCM decrypt (10 KiB),131,1793,0.001793
AES-256-GCM decrypt (10 KiB),132,1789,0.001789
AES-256-GCM decrypt (10 KiB),133,1792,0.001792
AES-256-GCM decrypt (10 KiB),134,1774,0.001774
AES-256-GCM decrypt (10 KiB),135,1802,0.001802
AES-256-GCM decrypt (10 KiB),136,1772,0.001772
AES-256-GCM decrypt (10 KiB),137,1786,0.001786
AES-256-GCM decrypt (10 KiB),138,1776,0.001776
AES-256-GCM decrypt (10 KiB),139,1789,0.001789
AES-256-GCM decrypt (10 KiB),140,1792,0.001792
AES-256-GCM decrypt (10 KiB),141,1794,0.001794
AES-256-GCM decrypt (10 KiB),142,1767,0.001767
AES-256-GCM decrypt (10 KiB),143,1791,0.001791
AES-256-GCM decrypt (10 KiB),144,1771,0.001771
AES-256-GCM decrypt (10 KiB),145,1822,0.001822
AES-256-GCM decrypt (10 KiB),146,1785,0.001785
AES-256-GCM decrypt (10 KiB),147,1784,0.001784
AES-256-GCM decrypt (10 KiB),148,1767,0.001767
AES-256-GCM decrypt (10 KiB),149,1797,0.001797
AES-256-GCM decrypt (10 KiB),150,1775,0.001775
AES-256-GCM encrypt (100 KiB),1,11366,0.011366
AES-256-GCM encrypt (100 KiB),2,11153,0.011153
AES-256-GCM encrypt (100 KiB),3,11126,0.011126
AES-256-GCM encrypt (100 KiB),4,11112,0.011112
AES-256-GCM encrypt (100 KiB),5,11113,0.011113
AES-256-GCM encrypt (100 KiB),6,11089,0.011089
AES-256-GCM encrypt (100 KiB),7,11109,0.011109
AES-256-GCM encrypt (100 KiB),8,11086,0.011086
AES-256-GCM encrypt (100 KiB),9,11064,0.011064
AES-256-GCM encrypt (100 KiB),10,11140,0.01114
AES-256-GCM encrypt (100 KiB),11,11095,0.011095
AES-256-GCM encrypt (100 KiB),12,11064,0.011064
AES-256-GCM encrypt (100 KiB),13,11092,0.011092
AES-256-GCM encrypt (100 KiB),14,11258,0.011258
AES-256-GCM encrypt (100 KiB),15,11129,0.011129
AES-256-GCM encrypt (100 KiB),16,11081,0.011081
AES-256-GCM encrypt (100 KiB),17,11112,0.011112
AES-256-GCM encrypt (100 KiB),18,11152,0.011152
AES-256-GCM encrypt (100 KiB),19,11091,0.011091
AES-256-GCM encrypt (100 KiB),20,11110,0.01111
AES-256-GCM encrypt (100 KiB),21,11107,0.011107
AES-256-GCM encrypt (100 KiB),22,11124,0.011124
AES-256-GCM encrypt (100 KiB),23,11107,0.011107
AES-256-GCM encrypt (100 KiB),24,11091,0.011091
AES-256-GCM encrypt (100 KiB),25,11193,0.011193
AES-256-GCM encrypt (100 KiB),26,11058,0.011058
AES-256-GCM encrypt (100 KiB),27,11105,0.011105
AES-256-GCM encrypt (100 KiB),28,11111,0.011111
AES-256-GCM encrypt (100 KiB),29,11087,0.011087
AES-256-GCM encrypt (100 KiB),30,11065,0.011065
AES-256-GCM encrypt (100 KiB),31,11096,0.011096
AES-256-GCM encrypt (100 KiB),32,11112,0.011112
AES-256-GCM encrypt (100 KiB),33,11062,0.011062
AES-256-GCM encrypt (100 KiB),34,11051,0.011051
AES-256-GCM encrypt (100 KiB),35,11112,0.011112
AES-256-GCM encrypt (100 KiB),36,11101,0.011101
AES-256-GCM encrypt (100 KiB),37,11110,0.01111
AES-256-GCM encrypt (100 KiB),38,11116,0.011116
AES-256-GCM encrypt (100 KiB),39,11112,0.011112
AES-256-GCM encrypt (100 KiB),40,11118,0.011118
AES-256-GCM encrypt (100 KiB),41,11085,0.011085
AES-256-GCM encrypt (100 KiB),42,11089,0.011089
AES-256-GCM encrypt (100 KiB),43,11112,0.011112
AES-256-GCM encrypt (100 KiB),44,11122,0.011122
AES-256-GCM encrypt (100 KiB),45,11115,0.011115
AES-256-GCM encrypt (100 KiB),46,11122,0.011122
AES-256-GCM encrypt (100 KiB),47,11119,0.011119
AES-256-GCM encrypt (100 KiB),48,11071,0.011071
AES-256-GCM encrypt (100 KiB),49,11108,0.011108
AES-256-GCM encrypt (100 KiB),50,11082,0.011082
AES-256-GCM encrypt (100 KiB),51,11114,0.011114
AES-256-GCM encrypt (100 KiB),52,11069,0.011069
AES-256-GCM encrypt (100 KiB),53,11164,0.011164
AES-256-GCM encrypt (100 KiB),54,11109,0.011109
AES-256-GCM encrypt (100 KiB),55,11059,0.011059
AES-256-GCM encrypt (100 KiB),56,11084,0.011084
AES-256-GCM encrypt (100 KiB),57,11122,0.011122
AES-256-GCM encrypt (100 KiB),58,11052,0.011052
AES-256-GCM encrypt (100 KiB),59,11078,0.011078
AES-256-GCM encrypt (100 KiB),60,11101,0.011101
AES-256-GCM encrypt (100 KiB),61,11093,0.011093
AES-256-GCM encrypt (100 KiB),62,11085,0.011085
AES-256-GCM encrypt (100 KiB),63,11101,0.011101
AES-256-GCM encrypt (100 KiB),64,11083,0.011083
AES-256-GCM encrypt (100 KiB),65,11105,0.011105
AES-256-GCM encrypt (100 KiB),66,11052,0.011052
AES-256-GCM encrypt (100 KiB),67,11058,0.011058
AES-256-GCM encrypt (100 KiB),68,11088,0.011088
AES-256-GCM encrypt (100 KiB),69,11138,0.011138
AES-256-GCM encrypt (100 KiB),70,11077,0.011077
AES-256-GCM encrypt (100 KiB),71,11073,0.011073
AES-256-GCM encrypt (100 KiB),72,11080,0.01108
AES-256-GCM encrypt (100 KiB),73,11059,0.011059
AES-256-GCM encrypt (100 KiB),74,11271,0.011271
AES-256-GCM encrypt (100 KiB),75,11083,0.011083
AES-256-GCM encrypt (100 KiB),76,11136,0.011136
AES-256-GCM encrypt (100 KiB),77,11122,0.011122
AES-256-GCM encrypt (100 KiB),78,11208,0.011208
AES-256-GCM encrypt (100 KiB),79,11079,0.011079
AES-256-GCM encrypt (100 KiB),80,11057,0.011057
AES-256-GCM encrypt (100 KiB),81,11103,0.011103
AES-256-GCM encrypt (100 KiB),82,11084,0.011084
AES-256-GCM encrypt (100 KiB),83,11106,0.011106
AES-256-GCM encrypt (100 KiB),84,11066,0.011066
AES-256-GCM encrypt (100 KiB),85,11097,0.011097
AES-256-GCM encrypt (100 KiB),86,11092,0.011092
AES-256-GCM encrypt (100 KiB),87,11116,0.011116
AES-256-GCM encrypt (100 KiB),88,11076,0.011076
AES-256-GCM encrypt (100 KiB),89,11076,0.011076
AES-256-GCM encrypt (100 KiB),90,11068,0.011068
AES-256-GCM encrypt (100 KiB),91,11093,0.011093
AES-256-GCM encrypt (100 KiB),92,11107,0.011107
AES-256-GCM encrypt (100 KiB),93,11124,0.011124
AES-256-GCM encrypt (100 KiB),94,11088,0.011088
AES-256-GCM encrypt (100 KiB),95,11106,0.011106
AES-256-GCM encrypt (100 KiB),96,11081,0.011081
AES-256-GCM encrypt (100 KiB),97,11053,0.011053
AES-256-GCM encrypt (100 KiB),98,11045,0.011045
AES-256-GCM encrypt (100 KiB),99,11056,0.011056
AES-256-GCM encrypt (100 KiB),100,11039,0.011039
AES-256-GCM decrypt (100 KiB),1,10882,0.010882
AES-256-GCM decrypt (100 KiB),2,10768,0.010768
AES-256-GCM decrypt (100 KiB),3,10661,0.010661
AES-256-GCM decrypt (100 KiB),4,10577,0.010577
AES-256-GCM decrypt (100 KiB),5,10519,0.010519
AES-256-GCM decrypt (100 KiB),6,10556,0.010556
AES-256-GCM decrypt (100 KiB),7,10577,0.010577
AES-256-GCM decrypt (100 KiB),8,10589,0.010589
AES-256-GCM decrypt (100 KiB),9,10592,0.010592
AES-256-GCM decrypt (100 KiB),10,10491,0.010491
AES-256-GCM decrypt (100 KiB),11,10567,0.010567
AES-256-GCM decrypt (100 KiB),12,10553,0.010553
AES-256-GCM decrypt (100 KiB),13,10576,0.010576
AES-256-GCM decrypt (100 KiB),14,10552,0.010552
AES-256-GCM decrypt (100 KiB),15,10559,0.010559
AES-256-GCM decrypt (100 KiB),16,10518,0.010518
AES-256-GCM decrypt (100 KiB),17,10566,0.010566
AES-256-GCM decrypt (100 KiB),18,10549,0.010549
AES-256-GCM decrypt (100 KiB),19,10576,0.010576
AES-256-GCM decrypt (100 KiB),20,10554,0.010554
AES-256-GCM decrypt (100 KiB),21,10532,0.010532
AES-256-GCM decrypt (100 KiB),22,18901,0.018901
AES-256-GCM decrypt (100 KiB),23,10706,0.010706
AES-256-GCM decrypt (100 KiB),24,10558,0.010558
AES-256-GCM decrypt (100 KiB),25,10577,0.010577
AES-256-GCM decrypt (100 KiB),26,10571,0.010571
AES-256-GCM decrypt (100 KiB),27,10595,0.010595
AES-256-GCM decrypt (100 KiB),28,10582,0.010582
AES-256-GCM decrypt (100 KiB),29,10575,0.010575
AES-256-GCM decrypt (100 KiB),30,10565,0.010565
AES-256-GCM decrypt (100 KiB),31,10560,0.01056
AES-256-GCM decrypt (100 KiB),32,10572,0.010572
AES-256-GCM decrypt (100 KiB),33,10566,0.010566
AES-256-GCM decrypt (100 KiB),34,10607,0.010607
AES-256-GCM decrypt (100 KiB),35,10554,0.010554
AES-256-GCM decrypt (100 KiB),36,10540,0.01054
AES-256-GCM decrypt (100 KiB),37,10562,0.010562
AES-256-GCM decrypt (100 KiB),38,10560,0.01056
AES-256-GCM decrypt (100 KiB),39,10550,0.01055
AES-256-GCM decrypt (100 KiB),40,10530,0.01053
AES-256-GCM decrypt (100 KiB),41,10567,0.010567
AES-256-GCM decrypt (100 KiB),42,10561,0.010561
AES-256-GCM decrypt (100 KiB),43,10542,0.010542
AES-256-GCM decrypt (100 KiB),44,10526,0.010526
AES-256-GCM decrypt (100 KiB),45,10564,0.010564
AES-256-GCM decrypt (100 KiB),46,10557,0.010557
AES-256-GCM decrypt (100 KiB),47,10573,0.010573
AES-256-GCM decrypt (100 KiB),48,10524,0.010524
AES-256-GCM decrypt (100 KiB),49,10554,0.010554
AES-256-GCM decrypt (100 KiB),50,10535,0.010535
AES-256-GCM decrypt (100 KiB),51,10587,0.010587
AES-256-GCM decrypt (100 KiB),52,10547,0.010547
AES-256-GCM decrypt (100 KiB),53,10626,0.010626
AES-256-GCM decrypt (100 KiB),54,10608,0.010608
AES-256-GCM decrypt (100 KiB),55,10548,0.010548
AES-256-GCM decrypt (100 KiB),56,10567,0.010567
AES-256-GCM decrypt (100 KiB),57,10544,0.010544
AES-256-GCM decrypt (100 KiB),58,10541,0.010541
AES-256-GCM decrypt (100 KiB),59,10599,0.010599
AES-256-GCM decrypt (100 KiB),60,10555,0.010555
AES-256-GCM decrypt (100 KiB),61,10534,0.010534
AES-256-GCM decrypt (100 KiB),62,10527,0.010527
AES-256-GCM decrypt (100 KiB),63,10556,0.010556
AES-256-GCM decrypt (100 KiB),64,10558,0.010558
AES-256-GCM decrypt (100 KiB),65,10547,0.010547
AES-256-GCM decrypt (100 KiB),66,10585,0.010585
AES-256-GCM decrypt (100 KiB),67,10566,0.010566
AES-256-GCM decrypt (100 KiB),68,10540,0.01054
AES-256-GCM decrypt (100 KiB),69,10567,0.010567
AES-256-GCM decrypt (100 KiB),70,10527,0.010527
AES-256-GCM decrypt (100 KiB),71,10552,0.010552
AES-256-GCM decrypt (100 KiB),72,10532,0.010532
AES-256-GCM decrypt (100 KiB),73,10570,0.01057
AES-256-GCM decrypt (100 KiB),74,10529,0.010529
AES-256-GCM decrypt (100 KiB),75,10552,0.010552
AES-256-GCM decrypt (100 KiB),76,10531,0.010531
AES-256-GCM decrypt (100 KiB),77,10558,0.010558
AES-256-GCM decrypt (100 KiB),78,10668,0.010668
AES-256-GCM decrypt (100 KiB),79,10589,0.010589
AES-256-GCM decrypt (100 KiB),80,10531,0.010531
AES-256-GCM decrypt (100 KiB),81,10620,0.01062
AES-256-GCM decrypt (100 KiB),82,10587,0.010587
AES-256-GCM decrypt (100 KiB),83,10571,0.010571
AES-256-GCM decrypt (100 KiB),84,10596,0.010596
AES-256-GCM decrypt (100 KiB),85,10653,0.010653
AES-256-GCM decrypt (100 KiB),86,10567,0.010567
AES-256-GCM decrypt (100 KiB),87,10604,0.010604
AES-256-GCM decrypt (100 KiB),88,10539,0.010539
AES-256-GCM decrypt (100 KiB),89,10589,0.010589
AES-256-GCM decrypt (100 KiB),90,10581,0.010581
AES-256-GCM decrypt (100 KiB),91,10581,0.010581
AES-256-GCM decrypt (100 KiB),92,10643,0.010643
AES-256-GCM decrypt (100 KiB),93,10526,0.010526
AES-256-GCM decrypt (100 KiB),94,10521,0.010521
AES-256-GCM decrypt (100 KiB),95,10542,0.010542
AES-256-GCM decrypt (100 KiB),96,10570,0.01057
AES-256-GCM decrypt (100 KiB),97,10561,0.010561
AES-256-GCM decrypt (100 KiB),98,10512,0.010512
AES-256-GCM decrypt (100 KiB),99,10574,0.010574
AES-256-GCM decrypt (100 KiB),100,10526,0.010526
Sequential policy evaluation (50 rules),1,2358,0.002358
Sequential policy evaluation (50 rules),2,2150,0.00215
Sequential policy evaluation (50 rules),3,2015,0.002015
Sequential policy evaluation (50 rules),4,2076,0.002076
Sequential policy evaluation (50 rules),5,2027,0.002027
Sequential policy evaluation (50 rules),6,2065,0.002065
Sequential policy evaluation (50 rules),7,2050,0.00205
Sequential policy evaluation (50 rules),8,2007,0.002007
Sequential policy evaluation (50 rules),9,2018,0.002018
Sequential policy evaluation (50 rules),10,2041,0.002041
Sequential policy evaluation (50 rules),11,2047,0.002047
Sequential policy evaluation (50 rules),12,2047,0.002047
Sequential policy evaluation (50 rules),13,2014,0.002014
Sequential policy evaluation (50 rules),14,2026,0.002026
Sequential policy evaluation (50 rules),15,2052,0.002052
Sequential policy evaluation (50 rules),16,2052,0.002052
Sequential policy evaluation (50 rules),17,2034,0.002034
Sequential policy evaluation (50 rules),18,2055,0.002055
Sequential policy evaluation (50 rules),19,1999,0.001999
Sequential policy evaluation (50 rules),20,2086,0.002086
Sequential policy evaluation (50 rules),21,2047,0.002047
Sequential policy evaluation (50 rules),22,2054,0.002054
Sequential policy evaluation (50 rules),23,2021,0.002021
Sequential policy evaluation (50 rules),24,2034,0.002034
Sequential policy evaluation (50 rules),25,1995,0.001995
Sequential policy evaluation (50 rules),26,2074,0.002074
Sequential policy evaluation (50 rules),27,2029,0.002029
Sequential policy evaluation (50 rules),28,2015,0.002015
Sequential policy evaluation (50 rules),29,2045,0.002045
Sequential policy evaluation (50 rules),30,1998,0.001998
Sequential policy evaluation (50 rules),31,2053,0.002053
Sequential policy evaluation (50 rules),32,2038,0.002038
Sequential policy evaluation (50 rules),33,2003,0.002003
Sequential policy evaluation (50 rules),34,1992,0.001992
Sequential policy evaluation (50 rules),35,2021,0.002021
Sequential policy evaluation (50 rules),36,1980,0.00198
Sequential policy evaluation (50 rules),37,2012,0.002012
Sequential policy evaluation (50 rules),38,2021,0.002021
Sequential policy evaluation (50 rules),39,1989,0.001989
Sequential policy evaluation (50 rules),40,2049,0.002049
Sequential policy evaluation (50 rules),41,2030,0.00203
Sequential policy evaluation (50 rules),42,2031,0.002031
Sequential policy evaluation (50 rules),43,2016,0.002016
Sequential policy evaluation (50 rules),44,2007,0.002007
Sequential policy evaluation (50 rules),45,2012,0.002012
Sequential policy evaluation (50 rules),46,2118,0.002118
Sequential policy evaluation (50 rules),47,2053,0.002053
Sequential policy evaluation (50 rules),48,2079,0.002079
Sequential policy evaluation (50 rules),49,2036,0.002036
Sequential policy evaluation (50 rules),50,2060,0.00206
Sequential policy evaluation (50 rules),51,2025,0.002025
Sequential policy evaluation (50 rules),52,2045,0.002045
Sequential policy evaluation (50 rules),53,2086,0.002086
Sequential policy evaluation (50 rules),54,2063,0.002063
Sequential policy evaluation (50 rules),55,1991,0.001991
Sequential policy evaluation (50 rules),56,2040,0.00204
Sequential policy evaluation (50 rules),57,2017,0.002017
Sequential policy evaluation (50 rules),58,2001,0.002001
Sequential policy evaluation (50 rules),59,2077,0.002077
Sequential policy evaluation (50 rules),60,2038,0.002038
Sequential policy evaluation (50 rules),61,2023,0.002023
Sequential policy evaluation (50 rules),62,2049,0.002049
Sequential policy evaluation (50 rules),63,2016,0.002016
Sequential policy evaluation (50 rules),64,2026,0.002026
Sequential policy evaluation (50 rules),65,2045,0.002045
Sequential policy evaluation (50 rules),66,2042,0.002042
Sequential policy evaluation (50 rules),67,2012,0.002012
Sequential policy evaluation (50 rules),68,2052,0.002052
Sequential policy evaluation (50 rules),69,2040,0.00204
Sequential policy evaluation (50 rules),70,2076,0.002076
Sequential policy evaluation (50 rules),71,2040,0.00204
Sequential policy evaluation (50 rules),72,1971,0.001971
Sequential policy evaluation (50 rules),73,2034,0.002034
Sequential policy evaluation (50 rules),74,2091,0.002091
Sequential policy evaluation (50 rules),75,2032,0.002032
Sequential policy evaluation (50 rules),76,2046,0.002046
Sequential policy evaluation (50 rules),77,1997,0.001997
Sequential policy evaluation (50 rules),78,2096,0.002096
Sequential policy evaluation (50 rules),79,2040,0.00204
Sequential policy evaluation (50 rules),80,2011,0.002011
Sequential policy evaluation (50 rules),81,2047,0.002047
Sequential policy evaluation (50 rules),82,2024,0.002024
Sequential policy evaluation (50 rules),83,2038,0.002038
Sequential policy evaluation (50 rules),84,2034,0.002034
Sequential policy evaluation (50 rules),85,2068,0.002068
Sequential policy evaluation (50 rules),86,2045,0.002045
Sequential policy evaluation (50 rules),87,1922,0.001922
Sequential policy evaluation (50 rules),88,2073,0.002073
Sequential policy evaluation (50 rules),89,2000,0.002
Sequential policy evaluation (50 rules),90,2074,0.002074
Sequential policy evaluation (50 rules),91,2029,0.002029
Sequential policy evaluation (50 rules),92,2016,0.002016
Sequential policy evaluation (50 rules),93,1995,0.001995
Sequential policy evaluation (50 rules),94,2027,0.002027
Sequential policy evaluation (50 rules),95,2016,0.002016
Sequential policy evaluation (50 rules),96,2083,0.002083
Sequential policy evaluation (50 rules),97,2082,0.002082
Sequential policy evaluation (50 rules),98,2029,0.002029
Sequential policy evaluation (50 rules),99,1976,0.001976
Sequential policy evaluation (50 rules),100,1989,0.001989
Sequential policy evaluation (50 rules),101,1997,0.001997
Sequential policy evaluation (50 rules),102,2006,0.002006
Sequential policy evaluation (50 rules),103,2020,0.00202
Sequential policy evaluation (50 rules),104,2020,0.00202
Sequential policy evaluation (50 rules),105,2041,0.002041
Sequential policy evaluation (50 rules),106,1974,0.001974
Sequential policy evaluation (50 rules),107,2045,0.002045
Sequential policy evaluation (50 rules),108,2047,0.002047
Sequential policy evaluation (50 rules),109,2021,0.002021
Sequential policy evaluation (50 rules),110,2030,0.00203
Sequential policy evaluation (50 rules),111,1987,0.001987
Sequential policy evaluation (50 rules),112,1965,0.001965
Sequential policy evaluation (50 rules),113,2070,0.00207
Sequential policy evaluation (50 rules),114,2012,0.002012
Sequential policy evaluation (50 rules),115,1998,0.001998
Sequential policy evaluation (50 rules),116,2011,0.002011
Sequential policy evaluation (50 rules),117,2053,0.002053
Sequential policy evaluation (50 rules),118,2054,0.002054
Sequential policy evaluation (50 rules),119,2034,0.002034
Sequential policy evaluation (50 rules),120,2007,0.002007
Sequential policy evaluation (50 rules),121,2031,0.002031
Sequential policy evaluation (50 rules),122,2022,0.002022
Sequential policy evaluation (50 rules),123,2046,0.002046
Sequential policy evaluation (50 rules),124,2070,0.00207
Sequential policy evaluation (50 rules),125,2072,0.002072
Sequential policy evaluation (50 rules),126,2018,0.002018
Sequential policy evaluation (50 rules),127,2107,0.002107
Sequential policy evaluation (50 rules),128,2036,0.002036
Sequential policy evaluation (50 rules),129,2053,0.002053
Sequential policy evaluation (50 rules),130,2107,0.002107
Sequential policy evaluation (50 rules),131,1994,0.001994
Sequential policy evaluation (50 rules),132,1979,0.001979
Sequential policy evaluation (50 rules),133,2117,0.002117
Sequential policy evaluation (50 rules),134,2101,0.002101
Sequential policy evaluation (50 rules),135,2088,0.002088
Sequential policy evaluation (50 rules),136,2038,0.002038
Sequential policy evaluation (50 rules),137,2039,0.002039
Sequential policy evaluation (50 rules),138,2125,0.002125
Sequential policy evaluation (50 rules),139,2065,0.002065
Sequential policy evaluation (50 rules),140,2097,0.002097
Sequential policy evaluation (50 rules),141,2091,0.002091
Sequential policy evaluation (50 rules),142,2067,0.002067
Sequential policy evaluation (50 rules),143,2101,0.002101
Sequential policy evaluation (50 rules),144,2096,0.002096
Sequential policy evaluation (50 rules),145,2053,0.002053
Sequential policy evaluation (50 rules),146,2055,0.002055
Sequential policy evaluation (50 rules),147,2072,0.002072
Sequential policy evaluation (50 rules),148,2014,0.002014
Sequential policy evaluation (50 rules),149,2043,0.002043
Sequential policy evaluation (50 rules),150,2050,0.00205
Sequential policy evaluation (50 rules),151,2084,0.002084
Sequential policy evaluation (50 rules),152,2072,0.002072
Sequential policy evaluation (50 rules),153,2119,0.002119
Sequential policy evaluation (50 rules),154,2005,0.002005
Sequential policy evaluation (50 rules),155,2093,0.002093
Sequential policy evaluation (50 rules),156,2022,0.002022
Sequential policy evaluation (50 rules),157,2084,0.002084
Sequential policy evaluation (50 rules),158,2077,0.002077
Sequential policy evaluation (50 rules),159,2083,0.002083
Sequential policy evaluation (50 rules),160,2041,0.002041
Sequential policy evaluation (50 rules),161,2060,0.00206
Sequential policy evaluation (50 rules),162,2098,0.002098
Sequential policy evaluation (50 rules),163,2051,0.002051
Sequential policy evaluation (50 rules),164,2132,0.002132
Sequential policy evaluation (50 rules),165,2086,0.002086
Sequential policy evaluation (50 rules),166,2051,0.002051
Sequential policy evaluation (50 rules),167,2077,0.002077
Sequential policy evaluation (50 rules),168,2068,0.002068
Sequential policy evaluation (50 rules),169,2099,0.002099
Sequential policy evaluation (50 rules),170,1979,0.001979
Sequential policy evaluation (50 rules),171,2059,0.002059
Sequential policy evaluation (50 rules),172,2044,0.002044
Sequential policy evaluation (50 rules),173,2101,0.002101
Sequential policy evaluation (50 rules),174,2147,0.002147
Sequential policy evaluation (50 rules),175,2006,0.002006
Sequential policy evaluation (50 rules),176,1995,0.001995
Sequential policy evaluation (50 rules),177,2049,0.002049
Sequential policy evaluation (50 rules),178,2034,0.002034
Sequential policy evaluation (50 rules),179,2009,0.002009
Sequential policy evaluation (50 rules),180,2065,0.002065
Sequential policy evaluation (50 rules),181,2043,0.002043
Sequential policy evaluation (50 rules),182,2042,0.002042
Sequential policy evaluation (50 rules),183,2046,0.002046
Sequential policy evaluation (50 rules),184,2050,0.00205
Sequential policy evaluation (50 rules),185,2029,0.002029
Sequential policy evaluation (50 rules),186,2039,0.002039
Sequential policy evaluation (50 rules),187,2055,0.002055
Sequential policy evaluation (50 rules),188,2027,0.002027
Sequential policy evaluation (50 rules),189,2063,0.002063
Sequential policy evaluation (50 rules),190,2096,0.002096
Sequential policy evaluation (50 rules),191,1998,0.001998
Sequential policy evaluation (50 rules),192,2051,0.002051
Sequential policy evaluation (50 rules),193,2103,0.002103
Sequential policy evaluation (50 rules),194,2044,0.002044
Sequential policy evaluation (50 rules),195,2073,0.002073
Sequential policy evaluation (50 rules),196,2019,0.002019
Sequential policy evaluation (50 rules),197,2078,0.002078
Sequential policy evaluation (50 rules),198,2100,0.0021
Sequential policy evaluation (50 rules),199,2087,0.002087
Sequential policy evaluation (50 rules),200,2067,0.002067
Sequential policy evaluation (50 rules),201,2109,0.002109
Sequential policy evaluation (50 rules),202,2052,0.002052
Sequential policy evaluation (50 rules),203,2064,0.002064
Sequential policy evaluation (50 rules),204,2024,0.002024
Sequential policy evaluation (50 rules),205,2105,0.002105
Sequential policy evaluation (50 rules),206,1998,0.001998
Sequential policy evaluation (50 rules),207,2093,0.002093
Sequential policy evaluation (50 rules),208,2067,0.002067
Sequential policy evaluation (50 rules),209,1958,0.001958
Sequential policy evaluation (50 rules),210,2091,0.002091
Sequential policy evaluation (50 rules),211,2074,0.002074
Sequential policy evaluation (50 rules),212,2135,0.002135
Sequential policy evaluation (50 rules),213,2065,0.002065
Sequential policy evaluation (50 rules),214,2032,0.002032
Sequential policy evaluation (50 rules),215,2016,0.002016
Sequential policy evaluation (50 rules),216,2069,0.002069
Sequential policy evaluation (50 rules),217,2003,0.002003
Sequential policy evaluation (50 rules),218,2090,0.00209
Sequential policy evaluation (50 rules),219,2003,0.002003
Sequential policy evaluation (50 rules),220,2003,0.002003
Sequential policy evaluation (50 rules),221,1991,0.001991
Sequential policy evaluation (50 rules),222,2024,0.002024
Sequential policy evaluation (50 rules),223,2039,0.002039
Sequential policy evaluation (50 rules),224,2072,0.002072
Sequential policy evaluation (50 rules),225,2092,0.002092
Sequential policy evaluation (50 rules),226,2051,0.002051
Sequential policy evaluation (50 rules),227,2067,0.002067
Sequential policy evaluation (50 rules),228,2036,0.002036
Sequential policy evaluation (50 rules),229,2005,0.002005
Sequential policy evaluation (50 rules),230,2052,0.002052
Sequential policy evaluation (50 rules),231,2065,0.002065
Sequential policy evaluation (50 rules),232,2030,0.00203
Sequential policy evaluation (50 rules),233,1983,0.001983
Sequential policy evaluation (50 rules),234,2030,0.00203
Sequential policy evaluation (50 rules),235,2062,0.002062
Sequential policy evaluation (50 rules),236,2020,0.00202
Sequential policy evaluation (50 rules),237,2048,0.002048
Sequential policy evaluation (50 rules),238,2065,0.002065
Sequential policy evaluation (50 rules),239,1994,0.001994
Sequential policy evaluation (50 rules),240,2134,0.002134
Sequential policy evaluation (50 rules),241,2067,0.002067
Sequential policy evaluation (50 rules),242,2016,0.002016
Sequential policy evaluation (50 rules),243,2116,0.002116
Sequential policy evaluation (50 rules),244,2036,0.002036
Sequential policy evaluation (50 rules),245,2053,0.002053
Sequential policy evaluation (50 rules),246,2070,0.00207
Sequential policy evaluation (50 rules),247,2005,0.002005
Sequential policy evaluation (50 rules),248,2110,0.00211
Sequential policy evaluation (50 rules),249,2038,0.002038
Sequential policy evaluation (50 rules),250,2095,0.002095
Sequential policy evaluation (50 rules),251,2028,0.002028
Sequential policy evaluation (50 rules),252,2100,0.0021
Sequential policy evaluation (50 rules),253,2018,0.002018
Sequential policy evaluation (50 rules),254,2074,0.002074
Sequential policy evaluation (50 rules),255,1986,0.001986
Sequential policy evaluation (50 rules),256,2079,0.002079
Sequential policy evaluation (50 rules),257,2071,0.002071
Sequential policy evaluation (50 rules),258,2135,0.002135
Sequential policy evaluation (50 rules),259,2154,0.002154
Sequential policy evaluation (50 rules),260,2092,0.002092
Sequential policy evaluation (50 rules),261,2094,0.002094
Sequential policy evaluation (50 rules),262,2011,0.002011
Sequential policy evaluation (50 rules),263,2139,0.002139
Sequential policy evaluation (50 rules),264,2092,0.002092
Sequential policy evaluation (50 rules),265,2020,0.00202
Sequential policy evaluation (50 rules),266,2042,0.002042
Sequential policy evaluation (50 rules),267,2054,0.002054
Sequential policy evaluation (50 rules),268,2073,0.002073
Sequential policy evaluation (50 rules),269,2047,0.002047
Sequential policy evaluation (50 rules),270,2049,0.002049
Sequential policy evaluation (50 rules),271,2047,0.002047
Sequential policy evaluation (50 rules),272,2018,0.002018
Sequential policy evaluation (50 rules),273,2041,0.002041
Sequential policy evaluation (50 rules),274,1988,0.001988
Sequential policy evaluation (50 rules),275,2087,0.002087
Sequential policy evaluation (50 rules),276,2456,0.002456
Sequential policy evaluation (50 rules),277,2038,0.002038
Sequential policy evaluation (50 rules),278,1997,0.001997
Sequential policy evaluation (50 rules),279,2061,0.002061
Sequential policy evaluation (50 rules),280,2024,0.002024
Sequential policy evaluation (50 rules),281,1971,0.001971
Sequential policy evaluation (50 rules),282,2041,0.002041
Sequential policy evaluation (50 rules),283,1970,0.00197
Sequential policy evaluation (50 rules),284,1997,0.001997
Sequential policy evaluation (50 rules),285,1909,0.001909
Sequential policy evaluation (50 rules),286,2026,0.002026
Sequential policy evaluation (50 rules),287,1994,0.001994
Sequential policy evaluation (50 rules),288,2034,0.002034
Sequential policy evaluation (50 rules),289,2045,0.002045
Sequential policy evaluation (50 rules),290,2007,0.002007
Sequential policy evaluation (50 rules),291,2011,0.002011
Sequential policy evaluation (50 rules),292,2035,0.002035
Sequential policy evaluation (50 rules),293,2035,0.002035
Sequential policy evaluation (50 rules),294,1994,0.001994
Sequential policy evaluation (50 rules),295,1982,0.001982
Sequential policy evaluation (50 rules),296,2002,0.002002
Sequential policy evaluation (50 rules),297,1985,0.001985
Sequential policy evaluation (50 rules),298,1898,0.001898
Sequential policy evaluation (50 rules),299,2022,0.002022
Sequential policy evaluation (50 rules),300,1943,0.001943
Sequential policy evaluation (200 rules),1,7370,0.00737
Sequential policy evaluation (200 rules),2,7036,0.007036
Sequential policy evaluation (200 rules),3,6969,0.006969
Sequential policy evaluation (200 rules),4,6851,0.006851
Sequential policy evaluation (200 rules),5,6903,0.006903
Sequential policy evaluation (200 rules),6,6999,0.006999
Sequential policy evaluation (200 rules),7,6981,0.006981
Sequential policy evaluation (200 rules),8,6957,0.006957
Sequential policy evaluation (200 rules),9,7003,0.007003
Sequential policy evaluation (200 rules),10,7004,0.007004
Sequential policy evaluation (200 rules),11,6947,0.006947
Sequential policy evaluation (200 rules),12,7255,0.007255
Sequential policy evaluation (200 rules),13,6713,0.006713
Sequential policy evaluation (200 rules),14,6828,0.006828
Sequential policy evaluation (200 rules),15,6755,0.006755
Sequential policy evaluation (200 rules),16,6743,0.006743
Sequential policy evaluation (200 rules),17,6744,0.006744
Sequential policy evaluation (200 rules),18,6670,0.00667
Sequential policy evaluation (200 rules),19,6679,0.006679
Sequential policy evaluation (200 rules),20,6716,0.006716
Sequential policy evaluation (200 rules),21,6715,0.006715
Sequential policy evaluation (200 rules),22,6801,0.006801
Sequential policy evaluation (200 rules),23,6758,0.006758
Sequential policy evaluation (200 rules),24,6649,0.006649
Sequential policy evaluation (200 rules),25,6720,0.00672
Sequential policy evaluation (200 rules),26,6752,0.006752
Sequential policy evaluation (200 rules),27,6762,0.006762
Sequential policy evaluation (200 rules),28,6708,0.006708
Sequential policy evaluation (200 rules),29,6697,0.006697
Sequential policy evaluation (200 rules),30,6704,0.006704
Sequential policy evaluation (200 rules),31,6657,0.006657
Sequential policy evaluation (200 rules),32,6607,0.006607
Sequential policy evaluation (200 rules),33,6702,0.006702
Sequential policy evaluation (200 rules),34,6634,0.006634
Sequential policy evaluation (200 rules),35,6704,0.006704
Sequential policy evaluation (200 rules),36,6755,0.006755
Sequential policy evaluation (200 rules),37,6754,0.006754
Sequential policy evaluation (200 rules),38,6628,0.006628
Sequential policy evaluation (200 rules),39,6777,0.006777
Sequential policy evaluation (200 rules),40,6685,0.006685
Sequential policy evaluation (200 rules),41,6729,0.006729
Sequential policy evaluation (200 rules),42,6680,0.00668
Sequential policy evaluation (200 rules),43,6635,0.006635
Sequential policy evaluation (200 rules),44,6717,0.006717
Sequential policy evaluation (200 rules),45,6737,0.006737
Sequential policy evaluation (200 rules),46,6779,0.006779
Sequential policy evaluation (200 rules),47,6705,0.006705
Sequential policy evaluation (200 rules),48,6724,0.006724
Sequential policy evaluation (200 rules),49,6742,0.006742
Sequential policy evaluation (200 rules),50,6698,0.006698
Sequential policy evaluation (200 rules),51,6623,0.006623
Sequential policy evaluation (200 rules),52,6723,0.006723
Sequential policy evaluation (200 rules),53,6663,0.006663
Sequential policy evaluation (200 rules),54,6672,0.006672
Sequential policy evaluation (200 rules),55,6650,0.00665
Sequential policy evaluation (200 rules),56,6734,0.006734
Sequential policy evaluation (200 rules),57,6708,0.006708
Sequential policy evaluation (200 rules),58,6687,0.006687
Sequential policy evaluation (200 rules),59,6716,0.006716
Sequential policy evaluation (200 rules),60,6557,0.006557
Sequential policy evaluation (200 rules),61,6624,0.006624
Sequential policy evaluation (200 rules),62,6654,0.006654
Sequential policy evaluation (200 rules),63,6679,0.006679
Sequential policy evaluation (200 rules),64,6758,0.006758
Sequential policy evaluation (200 rules),65,6638,0.006638
Sequential policy evaluation (200 rules),66,6700,0.0067
Sequential policy evaluation (200 rules),67,6690,0.00669
Sequential policy evaluation (200 rules),68,6615,0.006615
Sequential policy evaluation (200 rules),69,6660,0.00666
Sequential policy evaluation (200 rules),70,6629,0.006629
Sequential policy evaluation (200 rules),71,6735,0.006735
Sequential policy evaluation (200 rules),72,6726,0.006726
Sequential policy evaluation (200 rules),73,6737,0.006737
Sequential policy evaluation (200 rules),74,6700,0.0067
Sequential policy evaluation (200 rules),75,6733,0.006733
Sequential policy evaluation (200 rules),76,6664,0.006664
Sequential policy evaluation (200 rules),77,6640,0.00664
Sequential policy evaluation (200 rules),78,6704,0.006704
Sequential policy evaluation (200 rules),79,6729,0.006729
Sequential policy evaluation (200 rules),80,6658,0.006658
Sequential policy evaluation (200 rules),81,6681,0.006681
Sequential policy evaluation (200 rules),82,6715,0.006715
Sequential policy evaluation (200 rules),83,6731,0.006731
Sequential policy evaluation (200 rules),84,6666,0.006666
Sequential policy evaluation (200 rules),85,6767,0.006767
Sequential policy evaluation (200 rules),86,6724,0.006724
Sequential policy evaluation (200 rules),87,6755,0.006755
Sequential policy evaluation (200 rules),88,6509,0.006509
Sequential policy evaluation (200 rules),89,6618,0.006618
Sequential policy evaluation (200 rules),90,6608,0.006608
Sequential policy evaluation (200 rules),91,6611,0.006611
Sequential policy evaluation (200 rules),92,6646,0.006646
Sequential policy evaluation (200 rules),93,6732,0.006732
Sequential policy evaluation (200 rules),94,6779,0.006779
Sequential policy evaluation (200 rules),95,6650,0.00665
Sequential policy evaluation (200 rules),96,6683,0.006683
Sequential policy evaluation (200 rules),97,6770,0.00677
Sequential policy evaluation (200 rules),98,6619,0.006619
Sequential policy evaluation (200 rules),99,6703,0.006703
Sequential policy evaluation (200 rules),100,6664,0.006664
Sequential policy evaluation (200 rules),101,6823,0.006823
Sequential policy evaluation (200 rules),102,6632,0.006632
Sequential policy evaluation (200 rules),103,6727,0.006727
Sequential policy evaluation (200 rules),104,6675,0.006675
Sequential policy evaluation (200 rules),105,6581,0.006581
Sequential policy evaluation (200 rules),106,6627,0.006627
Sequential policy evaluation (200 rules),107,6648,0.006648
Sequential policy evaluation (200 rules),108,6672,0.006672
Sequential policy evaluation (200 rules),109,6681,0.006681
Sequential policy evaluation (200 rules),110,6713,0.006713
Sequential policy evaluation (200 rules),111,6633,0.006633
Sequential policy evaluation (200 rules),112,6655,0.006655
Sequential policy evaluation (200 rules),113,6666,0.006666
Sequential policy evaluation (200 rules),114,6740,0.00674
Sequential policy evaluation (200 rules),115,6636,0.006636
Sequential policy evaluation (200 rules),116,6663,0.006663
Sequential policy evaluation (200 rules),117,6690,0.00669
Sequential policy evaluation (200 rules),118,6701,0.006701
Sequential policy evaluation (200 rules),119,6757,0.006757
Sequential policy evaluation (200 rules),120,6689,0.006689
Sequential policy evaluation (200 rules),121,6757,0.006757
Sequential policy evaluation (200 rules),122,6635,0.006635
Sequential policy evaluation (200 rules),123,6678,0.006678
Sequential policy evaluation (200 rules),124,6674,0.006674
Sequential policy evaluation (200 rules),125,6590,0.00659
Sequential policy evaluation (200 rules),126,6740,0.00674
Sequential policy evaluation (200 rules),127,6747,0.006747
Sequential policy evaluation (200 rules),128,6705,0.006705
Sequential policy evaluation (200 rules),129,6642,0.006642
Sequential policy evaluation (200 rules),130,6641,0.006641
Sequential policy evaluation (200 rules),131,6670,0.00667
Sequential policy evaluation (200 rules),132,6665,0.006665
Sequential policy evaluation (200 rules),133,6743,0.006743
Sequential policy evaluation (200 rules),134,14462,0.014462
Sequential policy evaluation (200 rules),135,6776,0.006776
Sequential policy evaluation (200 rules),136,6880,0.00688
Sequential policy evaluation (200 rules),137,6732,0.006732
Sequential policy evaluation (200 rules),138,6688,0.006688
Sequential policy evaluation (200 rules),139,6696,0.006696
Sequential policy evaluation (200 rules),140,6793,0.006793
Sequential policy evaluation (200 rules),141,6773,0.006773
Sequential policy evaluation (200 rules),142,6669,0.006669
Sequential policy evaluation (200 rules),143,6670,0.00667
Sequential policy evaluation (200 rules),144,6656,0.006656
Sequential policy evaluation (200 rules),145,6701,0.006701
Sequential policy evaluation (200 rules),146,6697,0.006697
Sequential policy evaluation (200 rules),147,6758,0.006758
Sequential policy evaluation (200 rules),148,6711,0.006711
Sequential policy evaluation (200 rules),149,6622,0.006622
Sequential policy evaluation (200 rules),150,6750,0.00675
Sequential policy evaluation (200 rules),151,6652,0.006652
Sequential policy evaluation (200 rules),152,6649,0.006649
Sequential policy evaluation (200 rules),153,6716,0.006716
Sequential policy evaluation (200 rules),154,6738,0.006738
Sequential policy evaluation (200 rules),155,6762,0.006762
Sequential policy evaluation (200 rules),156,6710,0.00671
Sequential policy evaluation (200 rules),157,6676,0.006676
Sequential policy evaluation (200 rules),158,6658,0.006658
Sequential policy evaluation (200 rules),159,6772,0.006772
Sequential policy evaluation (200 rules),160,6699,0.006699
Sequential policy evaluation (200 rules),161,6815,0.006815
Sequential policy evaluation (200 rules),162,6725,0.006725
Sequential policy evaluation (200 rules),163,6702,0.006702
Sequential policy evaluation (200 rules),164,6644,0.006644
Sequential policy evaluation (200 rules),165,6642,0.006642
Sequential policy evaluation (200 rules),166,6817,0.006817
Sequential policy evaluation (200 rules),167,6771,0.006771
Sequential policy evaluation (200 rules),168,6707,0.006707
Sequential policy evaluation (200 rules),169,6650,0.00665
Sequential policy evaluation (200 rules),170,6627,0.006627
Sequential policy evaluation (200 rules),171,6729,0.006729
Sequential policy evaluation (200 rules),172,6625,0.006625
Sequential policy evaluation (200 rules),173,6703,0.006703
Sequential policy evaluation (200 rules),174,6839,0.006839
Sequential policy evaluation (200 rules),175,6719,0.006719
Sequential policy evaluation (200 rules),176,6630,0.00663
Sequential policy evaluation (200 rules),177,6677,0.006677
Sequential policy evaluation (200 rules),178,6702,0.006702
Sequential policy evaluation (200 rules),179,6668,0.006668
Sequential policy evaluation (200 rules),180,6747,0.006747
Sequential policy evaluation (200 rules),181,6601,0.006601
Sequential policy evaluation (200 rules),182,6657,0.006657
Sequential policy evaluation (200 rules),183,6688,0.006688
Sequential policy evaluation (200 rules),184,6793,0.006793
Sequential policy evaluation (200 rules),185,6804,0.006804
Sequential policy evaluation (200 rules),186,6735,0.006735
Sequential policy evaluation (200 rules),187,6709,0.006709
Sequential policy evaluation (200 rules),188,6684,0.006684
Sequential policy evaluation (200 rules),189,6667,0.006667
Sequential policy evaluation (200 rules),190,6786,0.006786
Sequential policy evaluation (200 rules),191,6663,0.006663
Sequential policy evaluation (200 rules),192,6683,0.006683
Sequential policy evaluation (200 rules),193,6686,0.006686
Sequential policy evaluation (200 rules),194,6670,0.00667
Sequential policy evaluation (200 rules),195,6685,0.006685
Sequential policy evaluation (200 rules),196,6772,0.006772
Sequential policy evaluation (200 rules),197,6785,0.006785
Sequential policy evaluation (200 rules),198,6597,0.006597
Sequential policy evaluation (200 rules),199,6738,0.006738
Sequential policy evaluation (200 rules),200,6743,0.006743
Synthetic authorization gate (200 rules + verify + 10 KiB encrypt),1,140226,0.140226
Synthetic authorization gate (200 rules + verify + 10 KiB encrypt),2,140235,0.140235
Synthetic authorization gate (200 rules + verify + 10 KiB encrypt),3,140232,0.140232
Synthetic authorization gate (200 rules + verify + 10 KiB encrypt),4,139206,0.139206
Synthetic authorization gate (200 rules + verify + 10 KiB encrypt),5,139733,0.139733
Synthetic authorization gate (200 rules + verify + 10 KiB encrypt),6,139838,0.139838
Synthetic authorization gate (200 rules + verify + 10 KiB encrypt),7,139560,0.13956
Synthetic authorization gate (200 rules + verify + 10 KiB encrypt),8,139405,0.139405
Synthetic authorization gate (200 rules + verify + 10 KiB encrypt),9,145519,0.145519
Synthetic authorization gate (200 rules + verify + 10 KiB encrypt),10,139602,0.139602
Synthetic authorization gate (200 rules + verify + 10 KiB encrypt),11,143112,0.143112
Synthetic authorization gate (200 rules + verify + 10 KiB encrypt),12,139953,0.139953
Synthetic authorization gate (200 rules + verify + 10 KiB encrypt),13,139617,0.139617
Synthetic authorization gate (200 rules + verify + 10 KiB encrypt),14,139590,0.13959
Synthetic authorization gate (200 rules + verify + 10 KiB encrypt),15,139674,0.139674
Synthetic authorization gate (200 rules + verify + 10 KiB encrypt),16,139223,0.139223
Synthetic authorization gate (200 rules + verify + 10 KiB encrypt),17,139466,0.139466
Synthetic authorization gate (200 rules + verify + 10 KiB encrypt),18,139587,0.139587
Synthetic authorization gate (200 rules + verify + 10 KiB encrypt),19,139459,0.139459
Synthetic authorization gate (200 rules + verify + 10 KiB encrypt),20,139889,0.139889
Synthetic authorization gate (200 rules + verify + 10 KiB encrypt),21,139514,0.139514
Synthetic authorization gate (200 rules + verify + 10 KiB encrypt),22,139607,0.139607
Synthetic authorization gate (200 rules + verify + 10 KiB encrypt),23,139626,0.139626
Synthetic authorization gate (200 rules + verify + 10 KiB encrypt),24,139420,0.13942
Synthetic authorization gate (200 rules + verify + 10 KiB encrypt),25,139069,0.139069
Synthetic authorization gate (200 rules + verify + 10 KiB encrypt),26,140067,0.140067
Synthetic authorization gate (200 rules + verify + 10 KiB encrypt),27,139709,0.139709
Synthetic authorization gate (200 rules + verify + 10 KiB encrypt),28,139767,0.139767
Synthetic authorization gate (200 rules + verify + 10 KiB encrypt),29,139533,0.139533
Synthetic authorization gate (200 rules + verify + 10 KiB encrypt),30,139122,0.139122
Synthetic authorization gate (200 rules + verify + 10 KiB encrypt),31,139284,0.139284
Synthetic authorization gate (200 rules + verify + 10 KiB encrypt),32,139323,0.139323
Synthetic authorization gate (200 rules + verify + 10 KiB encrypt),33,139588,0.139588
Synthetic authorization gate (200 rules + verify + 10 KiB encrypt),34,139731,0.139731
Synthetic authorization gate (200 rules + verify + 10 KiB encrypt),35,139789,0.139789
Synthetic authorization gate (200 rules + verify + 10 KiB encrypt),36,138782,0.138782
Synthetic authorization gate (200 rules + verify + 10 KiB encrypt),37,145781,0.145781
Synthetic authorization gate (200 rules + verify + 10 KiB encrypt),38,140023,0.140023
Synthetic authorization gate (200 rules + verify + 10 KiB encrypt),39,139984,0.139984
Synthetic authorization gate (200 rules + verify + 10 KiB encrypt),40,139712,0.139712
Synthetic authorization gate (200 rules + verify + 10 KiB encrypt),41,140288,0.140288
Synthetic authorization gate (200 rules + verify + 10 KiB encrypt),42,139873,0.139873
Synthetic authorization gate (200 rules + verify + 10 KiB encrypt),43,140213,0.140213
Synthetic authorization gate (200 rules + verify + 10 KiB encrypt),44,139573,0.139573
Synthetic authorization gate (200 rules + verify + 10 KiB encrypt),45,139364,0.139364
Synthetic authorization gate (200 rules + verify + 10 KiB encrypt),46,139522,0.139522
Synthetic authorization gate (200 rules + verify + 10 KiB encrypt),47,139522,0.139522
Synthetic authorization gate (200 rules + verify + 10 KiB encrypt),48,138573,0.138573
Synthetic authorization gate (200 rules + verify + 10 KiB encrypt),49,139462,0.139462
Synthetic authorization gate (200 rules + verify + 10 KiB encrypt),50,138756,0.138756
Synthetic authorization gate (200 rules + verify + 10 KiB encrypt),51,139451,0.139451
Synthetic authorization gate (200 rules + verify + 10 KiB encrypt),52,139303,0.139303
Synthetic authorization gate (200 rules + verify + 10 KiB encrypt),53,139380,0.13938
Synthetic authorization gate (200 rules + verify + 10 KiB encrypt),54,139933,0.139933
Synthetic authorization gate (200 rules + verify + 10 KiB encrypt),55,139258,0.139258
Synthetic authorization gate (200 rules + verify + 10 KiB encrypt),56,139825,0.139825
Synthetic authorization gate (200 rules + verify + 10 KiB encrypt),57,139161,0.139161
Synthetic authorization gate (200 rules + verify + 10 KiB encrypt),58,139454,0.139454
Synthetic authorization gate (200 rules + verify + 10 KiB encrypt),59,140113,0.140113
Synthetic authorization gate (200 rules + verify + 10 KiB encrypt),60,141343,0.141343
Synthetic authorization gate (200 rules + verify + 10 KiB encrypt),61,139058,0.139058
Synthetic authorization gate (200 rules + verify + 10 KiB encrypt),62,139252,0.139252
Synthetic authorization gate (200 rules + verify + 10 KiB encrypt),63,139251,0.139251
Synthetic authorization gate (200 rules + verify + 10 KiB encrypt),64,139489,0.139489
Synthetic authorization gate (200 rules + verify + 10 KiB encrypt),65,139133,0.139133
Synthetic authorization gate (200 rules + verify + 10 KiB encrypt),66,145937,0.145937
Synthetic authorization gate (200 rules + verify + 10 KiB encrypt),67,140228,0.140228
Synthetic authorization gate (200 rules + verify + 10 KiB encrypt),68,139197,0.139197
Synthetic authorization gate (200 rules + verify + 10 KiB encrypt),69,139354,0.139354
Synthetic authorization gate (200 rules + verify + 10 KiB encrypt),70,139680,0.13968
Synthetic authorization gate (200 rules + verify + 10 KiB encrypt),71,139440,0.13944
Synthetic authorization gate (200 rules + verify + 10 KiB encrypt),72,139703,0.139703
Synthetic authorization gate (200 rules + verify + 10 KiB encrypt),73,139443,0.139443
Synthetic authorization gate (200 rules + verify + 10 KiB encrypt),74,140045,0.140045
Synthetic authorization gate (200 rules + verify + 10 KiB encrypt),75,139924,0.139924
Synthetic authorization gate (200 rules + verify + 10 KiB encrypt),76,139771,0.139771
Synthetic authorization gate (200 rules + verify + 10 KiB encrypt),77,139404,0.139404
Synthetic authorization gate (200 rules + verify + 10 KiB encrypt),78,139179,0.139179
Synthetic authorization gate (200 rules + verify + 10 KiB encrypt),79,139780,0.13978
Synthetic authorization gate (200 rules + verify + 10 KiB encrypt),80,139420,0.13942
Synthetic authorization gate (200 rules + verify + 10 KiB encrypt),81,139568,0.139568
Synthetic authorization gate (200 rules + verify + 10 KiB encrypt),82,139308,0.139308
Synthetic authorization gate (200 rules + verify + 10 KiB encrypt),83,139071,0.139071
Synthetic authorization gate (200 rules + verify + 10 KiB encrypt),84,140102,0.140102
Synthetic authorization gate (200 rules + verify + 10 KiB encrypt),85,139654,0.139654
Synthetic authorization gate (200 rules + verify + 10 KiB encrypt),86,139445,0.139445
Synthetic authorization gate (200 rules + verify + 10 KiB encrypt),87,139449,0.139449
Synthetic authorization gate (200 rules + verify + 10 KiB encrypt),88,139451,0.139451
Synthetic authorization gate (200 rules + verify + 10 KiB encrypt),89,139403,0.139403
Synthetic authorization gate (200 rules + verify + 10 KiB encrypt),90,139212,0.139212
Synthetic authorization gate (200 rules + verify + 10 KiB encrypt),91,139897,0.139897
Synthetic authorization gate (200 rules + verify + 10 KiB encrypt),92,139125,0.139125
Synthetic authorization gate (200 rules + verify + 10 KiB encrypt),93,139547,0.139547
Synthetic authorization gate (200 rules + verify + 10 KiB encrypt),94,146027,0.146027
Synthetic authorization gate (200 rules + verify + 10 KiB encrypt),95,139728,0.139728
Synthetic authorization gate (200 rules + verify + 10 KiB encrypt),96,139381,0.139381
Synthetic authorization gate (200 rules + verify + 10 KiB encrypt),97,139439,0.139439
Synthetic authorization gate (200 rules + verify + 10 KiB encrypt),98,139467,0.139467
Synthetic authorization gate (200 rules + verify + 10 KiB encrypt),99,139600,0.1396
Synthetic authorization gate (200 rules + verify + 10 KiB encrypt),100,139907,0.139907
Synthetic authorization gate (200 rules + verify + 10 KiB encrypt),101,139036,0.139036
Synthetic authorization gate (200 rules + verify + 10 KiB encrypt),102,139475,0.139475
Synthetic authorization gate (200 rules + verify + 10 KiB encrypt),103,138709,0.138709
Synthetic authorization gate (200 rules + verify + 10 KiB encrypt),104,139546,0.139546
Synthetic authorization gate (200 rules + verify + 10 KiB encrypt),105,139678,0.139678
Synthetic authorization gate (200 rules + verify + 10 KiB encrypt),106,139127,0.139127
Synthetic authorization gate (200 rules + verify + 10 KiB encrypt),107,139329,0.139329
Synthetic authorization gate (200 rules + verify + 10 KiB encrypt),108,139413,0.139413
Synthetic authorization gate (200 rules + verify + 10 KiB encrypt),109,139089,0.139089
Synthetic authorization gate (200 rules + verify + 10 KiB encrypt),110,139819,0.139819
Synthetic authorization gate (200 rules + verify + 10 KiB encrypt),111,139533,0.139533
Synthetic authorization gate (200 rules + verify + 10 KiB encrypt),112,139206,0.139206
Synthetic authorization gate (200 rules + verify + 10 KiB encrypt),113,139083,0.139083
Synthetic authorization gate (200 rules + verify + 10 KiB encrypt),114,139833,0.139833
Synthetic authorization gate (200 rules + verify + 10 KiB encrypt),115,139813,0.139813
Synthetic authorization gate (200 rules + verify + 10 KiB encrypt),116,139656,0.139656
Synthetic authorization gate (200 rules + verify + 10 KiB encrypt),117,139484,0.139484
Synthetic authorization gate (200 rules + verify + 10 KiB encrypt),118,140085,0.140085
Synthetic authorization gate (200 rules + verify + 10 KiB encrypt),119,139694,0.139694
Synthetic authorization gate (200 rules + verify + 10 KiB encrypt),120,139181,0.139181
Synthetic authorization gate (200 rules + verify + 10 KiB encrypt),121,139882,0.139882
Synthetic authorization gate (200 rules + verify + 10 KiB encrypt),122,139152,0.139152
Synthetic authorization gate (200 rules + verify + 10 KiB encrypt),123,149077,0.149077
Synthetic authorization gate (200 rules + verify + 10 KiB encrypt),124,139885,0.139885
Synthetic authorization gate (200 rules + verify + 10 KiB encrypt),125,139628,0.139628
